DROP DATABASE IF EXISTS `pig`;

CREATE DATABASE  `pig` DEFAULT CHARACTER SET utf8mb4 COLLATE utf8mb4_general_ci;

SET NAMES utf8mb4;
SET FOREIGN_KEY_CHECKS = 0;

USE `pig`;


-- ----------------------------
-- Table structure for sys_dept
-- ----------------------------
DROP TABLE IF EXISTS `sys_dept`;
CREATE TABLE `sys_dept` (
  `dept_id` bigint NOT NULL COMMENT 'йғЁй—ЁID',
  `name` varchar(50)  DEFAULT NULL COMMENT 'йғЁй—ЁеҗҚз§°',
  `sort_order` int NOT NULL DEFAULT '0' COMMENT 'жҺ’еәҸ',
  `create_by` varchar(64)  NOT NULL DEFAULT ' ' COMMENT 'еҲӣе»әдәә',
  `update_by` varchar(64)  NOT NULL DEFAULT ' ' COMMENT 'дҝ®ж”№дәә',
  `create_time` datetime DEFAULT NULL COMMENT 'еҲӣе»әж—¶й—ҙ',
  `update_time` datetime DEFAULT NULL COMMENT 'дҝ®ж”№ж—¶й—ҙ',
  `del_flag` char(1)  DEFAULT '0' COMMENT 'еҲ йҷӨж Үеҝ—',
  `parent_id` bigint DEFAULT NULL COMMENT 'зҲ¶зә§йғЁй—ЁID',
  PRIMARY KEY (`dept_id`) USING BTREE
) ENGINE=InnoDB  COMMENT='йғЁй—Ёз®ЎзҗҶ';

-- ----------------------------
-- Records of sys_dept
-- ----------------------------
BEGIN;
INSERT INTO `sys_dept` VALUES (1, 'жҖ»иЈҒеҠһ', 1, 'admin', 'admin', '2023-04-03 13:04:47', '2023-04-03 13:07:49', '0', 0);
INSERT INTO `sys_dept` VALUES (2, 'жҠҖжңҜйғЁ', 2, 'admin', 'admin', '2023-04-03 13:04:47', '2023-04-03 13:04:47', '0', 1);
INSERT INTO `sys_dept` VALUES (3, 'еёӮеңәйғЁ', 3, 'admin', 'admin', '2023-04-03 13:04:47', '2023-04-03 13:04:47', '0', 1);
INSERT INTO `sys_dept` VALUES (4, 'й”Җе”®йғЁ', 4, 'admin', 'admin', '2023-04-03 13:04:47', '2023-04-03 13:04:47', '0', 1);
INSERT INTO `sys_dept` VALUES (5, 'иҙўеҠЎйғЁ', 5, 'admin', 'admin', '2023-04-03 13:04:47', '2023-04-03 13:04:47', '0', 1);
INSERT INTO `sys_dept` VALUES (6, 'дәәдәӢиЎҢж”ҝйғЁ', 6, 'admin', 'admin', '2023-04-03 13:04:47', '2023-04-03 13:53:36', '1', 1);
INSERT INTO `sys_dept` VALUES (7, 'з ”еҸ‘йғЁ', 7, 'admin', 'admin', '2023-04-03 13:04:47', '2023-04-03 13:04:47', '0', 2);
INSERT INTO `sys_dept` VALUES (8, 'UIи®ҫи®ЎйғЁ', 11, 'admin', 'admin', '2023-04-03 13:04:47', '2023-04-03 13:04:47', '0', 7);
INSERT INTO `sys_dept` VALUES (9, 'дә§е“ҒйғЁ', 12, 'admin', 'admin', '2023-04-03 13:04:47', '2023-04-03 13:04:47', '0', 2);
INSERT INTO `sys_dept` VALUES (10, 'жё йҒ“йғЁ', 13, 'admin', 'admin', '2023-04-03 13:04:47', '2023-04-03 13:04:47', '0', 3);
INSERT INTO `sys_dept` VALUES (11, 'жҺЁе№ҝйғЁ', 14, 'admin', 'admin', '2023-04-03 13:04:47', '2023-04-03 13:04:47', '0', 3);
INSERT INTO `sys_dept` VALUES (12, 'е®ўжңҚйғЁ', 15, 'admin', 'admin', '2023-04-03 13:04:47', '2023-04-03 13:04:47', '0', 4);
INSERT INTO `sys_dept` VALUES (13, 'иҙўеҠЎдјҡи®ЎйғЁ', 16, 'admin', 'admin', '2023-04-03 13:04:47', '2023-04-03 13:04:47', '0', 5);
INSERT INTO `sys_dept` VALUES (14, 'е®Ўи®ЎйЈҺжҺ§йғЁ', 17, 'admin', 'admin', '2023-04-03 13:04:47', '2023-04-03 14:06:57', '0', 5);
COMMIT;

-- ----------------------------
-- Table structure for sys_dict
-- ----------------------------
DROP TABLE IF EXISTS `sys_dict`;
CREATE TABLE `sys_dict` (
  `id` bigint NOT NULL COMMENT 'зј–еҸ·',
  `dict_type` varchar(100)  DEFAULT NULL COMMENT 'еӯ—е…ёзұ»еһӢ',
  `description` varchar(100)  DEFAULT NULL COMMENT 'жҸҸиҝ°',
  `create_by` varchar(64)  NOT NULL DEFAULT ' ' COMMENT 'еҲӣе»әдәә',
  `update_by` varchar(64)  NOT NULL DEFAULT ' ' COMMENT 'дҝ®ж”№дәә',
  `create_time` datetime DEFAULT NULL COMMENT 'еҲӣе»әж—¶й—ҙ',
  `update_time` datetime DEFAULT NULL COMMENT 'жӣҙж–°ж—¶й—ҙ',
  `remarks` varchar(255)  DEFAULT NULL COMMENT 'еӨҮжіЁдҝЎжҒҜ',
  `system_flag` char(1)  DEFAULT '0' COMMENT 'зі»з»ҹж Үеҝ—',
  `del_flag` char(1)  DEFAULT '0' COMMENT 'еҲ йҷӨж Үеҝ—',
  PRIMARY KEY (`id`) USING BTREE,
  KEY `sys_dict_del_flag` (`del_flag`) USING BTREE
) ENGINE=InnoDB  COMMENT='еӯ—е…ёиЎЁ';

-- ----------------------------
-- Records of sys_dict
-- ----------------------------
BEGIN;
INSERT INTO `sys_dict` VALUES (1, 'log_type', 'ж—Ҙеҝ—зұ»еһӢ', ' ', ' ', '2019-03-19 11:06:44', '2019-03-19 11:06:44', 'ејӮеёёгҖҒжӯЈеёё', '1', '0');
INSERT INTO `sys_dict` VALUES (2, 'social_type', 'зӨҫдәӨзҷ»еҪ•', ' ', ' ', '2019-03-19 11:09:44', '2019-03-19 11:09:44', 'еҫ®дҝЎгҖҒQQ', '1', '0');
INSERT INTO `sys_dict` VALUES (3, 'job_type', 'е®ҡж—¶д»»еҠЎзұ»еһӢ', ' ', ' ', '2019-03-19 11:22:21', '2019-03-19 11:22:21', 'quartz', '1', '0');
INSERT INTO `sys_dict` VALUES (4, 'job_status', 'е®ҡж—¶д»»еҠЎзҠ¶жҖҒ', ' ', ' ', '2019-03-19 11:24:57', '2019-03-19 11:24:57', 'еҸ‘еёғзҠ¶жҖҒгҖҒиҝҗиЎҢзҠ¶жҖҒ', '1', '0');
INSERT INTO `sys_dict` VALUES (5, 'job_execute_status', 'е®ҡж—¶д»»еҠЎжү§иЎҢзҠ¶жҖҒ', ' ', ' ', '2019-03-19 11:26:15', '2019-03-19 11:26:15', 'жӯЈеёёгҖҒејӮеёё', '1', '0');
INSERT INTO `sys_dict` VALUES (6, 'misfire_policy', 'е®ҡж—¶д»»еҠЎй”ҷеӨұжү§иЎҢзӯ–з•Ҙ', ' ', ' ', '2019-03-19 11:27:19', '2019-03-19 11:27:19', 'е‘Ёжңҹ', '1', '0');
INSERT INTO `sys_dict` VALUES (7, 'gender', 'жҖ§еҲ«', ' ', ' ', '2019-03-27 13:44:06', '2019-03-27 13:44:06', 'еҫ®дҝЎз”ЁжҲ·жҖ§еҲ«', '1', '0');
INSERT INTO `sys_dict` VALUES (8, 'subscribe', 'и®ўйҳ…зҠ¶жҖҒ', ' ', ' ', '2019-03-27 13:48:33', '2019-03-27 13:48:33', 'е…¬дј—еҸ·и®ўйҳ…зҠ¶жҖҒ', '1', '0');
INSERT INTO `sys_dict` VALUES (9, 'response_type', 'еӣһеӨҚ', ' ', ' ', '2019-03-28 21:29:21', '2019-03-28 21:29:21', 'еҫ®дҝЎж¶ҲжҒҜжҳҜеҗҰе·ІеӣһеӨҚ', '1', '0');
INSERT INTO `sys_dict` VALUES (10, 'param_type', 'еҸӮж•°й…ҚзҪ®', ' ', ' ', '2019-04-29 18:20:47', '2019-04-29 18:20:47', 'жЈҖзҙўгҖҒеҺҹж–ҮгҖҒжҠҘиЎЁгҖҒе®үе…ЁгҖҒж–ҮжЎЈгҖҒж¶ҲжҒҜгҖҒе…¶д»–', '1', '0');
INSERT INTO `sys_dict` VALUES (11, 'status_type', 'з§ҹжҲ·зҠ¶жҖҒ', ' ', ' ', '2019-05-15 16:31:08', '2019-05-15 16:31:08', 'з§ҹжҲ·зҠ¶жҖҒ', '1', '0');
INSERT INTO `sys_dict` VALUES (12, 'dict_type', 'еӯ—е…ёзұ»еһӢ', ' ', ' ', '2019-05-16 14:16:20', '2019-05-16 14:20:16', 'зі»з»ҹзұ»дёҚиғҪдҝ®ж”№', '1', '0');
INSERT INTO `sys_dict` VALUES (13, 'channel_type', 'ж”Ҝд»ҳзұ»еһӢ', ' ', ' ', '2019-05-16 14:16:20', '2019-05-16 14:20:16', 'зі»з»ҹзұ»дёҚиғҪдҝ®ж”№', '1', '0');
INSERT INTO `sys_dict` VALUES (14, 'grant_types', 'жҺҲжқғзұ»еһӢ', ' ', ' ', '2019-08-13 07:34:10', '2019-08-13 07:34:10', NULL, '1', '0');
INSERT INTO `sys_dict` VALUES (15, 'style_type', 'еүҚз«ҜйЈҺж ј', ' ', ' ', '2020-02-07 03:49:28', '2020-02-07 03:50:40', '0-Avue 1-element', '1', '0');
INSERT INTO `sys_dict` VALUES (16, 'captcha_flag_types', 'йӘҢиҜҒз ҒејҖе…і', ' ', ' ', '2020-11-18 06:53:25', '2020-11-18 06:53:25', 'жҳҜеҗҰж ЎйӘҢйӘҢиҜҒз Ғ', '1', '0');
INSERT INTO `sys_dict` VALUES (17, 'enc_flag_types', 'еүҚз«ҜеҜҶз ҒеҠ еҜҶ', ' ', ' ', '2020-11-18 06:54:44', '2020-11-18 06:54:44', 'еүҚз«ҜеҜҶз ҒжҳҜеҗҰеҠ еҜҶдј иҫ“', '1', '0');
INSERT INTO `sys_dict` VALUES (18, 'lock_flag', 'з”ЁжҲ·зҠ¶жҖҒ', 'admin', ' ', '2023-02-01 16:55:31', NULL, NULL, '1', '0');
INSERT INTO `sys_dict` VALUES (19, 'ds_config_type', 'ж•°жҚ®иҝһжҺҘзұ»еһӢ', 'admin', ' ', '2023-02-06 18:36:59', NULL, NULL, '1', '0');
INSERT INTO `sys_dict` VALUES (20, 'common_status', 'йҖҡз”ЁзҠ¶жҖҒ', 'admin', ' ', '2023-02-09 11:02:08', NULL, NULL, '1', '0');
INSERT INTO `sys_dict` VALUES (21, 'app_social_type', 'appзӨҫдәӨзҷ»еҪ•', 'admin', ' ', '2023-02-10 11:11:06', NULL, 'appзӨҫдәӨзҷ»еҪ•', '1', '0');
INSERT INTO `sys_dict` VALUES (22, 'yes_no_type', 'жҳҜеҗҰ', 'admin', ' ', '2023-02-20 23:25:04', NULL, NULL, '1', '0');
INSERT INTO `sys_dict` VALUES (23, 'repType', 'еҫ®дҝЎж¶ҲжҒҜзұ»еһӢ', 'admin', ' ', '2023-02-24 15:08:25', NULL, NULL, '0', '0');
INSERT INTO `sys_dict` VALUES (24, 'leave_status', 'иҜ·еҒҮзҠ¶жҖҒ', 'admin', ' ', '2023-03-02 22:50:15', NULL, NULL, '0', '0');
INSERT INTO `sys_dict` VALUES (25, 'schedule_type', 'ж—ҘзЁӢзұ»еһӢ', 'admin', ' ', '2023-03-06 14:49:18', NULL, NULL, '0', '0');
INSERT INTO `sys_dict` VALUES (26, 'schedule_status', 'ж—ҘзЁӢзҠ¶жҖҒ', 'admin', ' ', '2023-03-06 14:52:57', NULL, NULL, '0', '0');
INSERT INTO `sys_dict` VALUES (27, 'ds_type', 'д»Јз Ғз”ҹжҲҗеҷЁж”ҜжҢҒзҡ„ж•°жҚ®еә“зұ»еһӢ', 'admin', ' ', '2023-03-12 09:57:59', NULL, NULL, '1', '0');
COMMIT;

-- ----------------------------
-- Table structure for sys_dict_item
-- ----------------------------
DROP TABLE IF EXISTS `sys_dict_item`;
CREATE TABLE `sys_dict_item` (
  `id` bigint NOT NULL COMMENT 'зј–еҸ·',
  `dict_id` bigint NOT NULL COMMENT 'еӯ—е…ёID',
  `item_value` varchar(100)  DEFAULT NULL COMMENT 'еӯ—е…ёйЎ№еҖј',
  `label` varchar(100)  DEFAULT NULL COMMENT 'еӯ—е…ёйЎ№еҗҚз§°',
  `dict_type` varchar(100)  DEFAULT NULL COMMENT 'еӯ—е…ёзұ»еһӢ',
  `description` varchar(100)  DEFAULT NULL COMMENT 'еӯ—е…ёйЎ№жҸҸиҝ°',
  `sort_order` int NOT NULL DEFAULT '0' COMMENT 'жҺ’еәҸпјҲеҚҮеәҸпјү',
  `create_by` varchar(64)  NOT NULL DEFAULT ' ' COMMENT 'еҲӣе»әдәә',
  `update_by` varchar(64)  NOT NULL DEFAULT ' ' COMMENT 'дҝ®ж”№дәә',
  `create_time` datetime DEFAULT NULL COMMENT 'еҲӣе»әж—¶й—ҙ',
  `update_time` datetime DEFAULT NULL COMMENT 'жӣҙж–°ж—¶й—ҙ',
  `remarks` varchar(255)  DEFAULT NULL COMMENT 'еӨҮжіЁдҝЎжҒҜ',
  `del_flag` char(1)  DEFAULT '0' COMMENT 'еҲ йҷӨж Үеҝ—',
  PRIMARY KEY (`id`) USING BTREE,
  KEY `sys_dict_value` (`item_value`) USING BTREE,
  KEY `sys_dict_label` (`label`) USING BTREE,
  KEY `sys_dict_item_del_flag` (`del_flag`) USING BTREE
) ENGINE=InnoDB  COMMENT='еӯ—е…ёйЎ№';

-- ----------------------------
-- Records of sys_dict_item
-- ----------------------------
BEGIN;
INSERT INTO `sys_dict_item` VALUES (1, 1, '9', 'ејӮеёё', 'log_type', 'ж—Ҙеҝ—ејӮеёё', 1, ' ', ' ', '2019-03-19 11:08:59', '2019-03-25 12:49:13', '', '0');
INSERT INTO `sys_dict_item` VALUES (2, 1, '0', 'жӯЈеёё', 'log_type', 'ж—Ҙеҝ—жӯЈеёё', 0, ' ', ' ', '2019-03-19 11:09:17', '2019-03-25 12:49:18', '', '0');
INSERT INTO `sys_dict_item` VALUES (3, 2, 'WX', 'еҫ®дҝЎ', 'social_type', 'еҫ®дҝЎзҷ»еҪ•', 0, ' ', ' ', '2019-03-19 11:10:02', '2019-03-25 12:49:36', '', '0');
INSERT INTO `sys_dict_item` VALUES (4, 2, 'QQ', 'QQ', 'social_type', 'QQзҷ»еҪ•', 1, ' ', ' ', '2019-03-19 11:10:14', '2019-03-25 12:49:36', '', '0');
INSERT INTO `sys_dict_item` VALUES (5, 3, '1', 'javaзұ»', 'job_type', 'javaзұ»', 1, ' ', ' ', '2019-03-19 11:22:37', '2019-03-25 12:49:36', '', '0');
INSERT INTO `sys_dict_item` VALUES (6, 3, '2', 'spring bean', 'job_type', 'spring beanе®№еҷЁе®һдҫӢ', 2, ' ', ' ', '2019-03-19 11:23:05', '2019-03-25 12:49:36', '', '0');
INSERT INTO `sys_dict_item` VALUES (7, 3, '9', 'е…¶д»–', 'job_type', 'е…¶д»–зұ»еһӢ', 9, ' ', ' ', '2019-03-19 11:23:31', '2019-03-25 12:49:36', '', '0');
INSERT INTO `sys_dict_item` VALUES (8, 3, '3', 'Rest и°ғз”Ё', 'job_type', 'Rest и°ғз”Ё', 3, ' ', ' ', '2019-03-19 11:23:57', '2019-03-25 12:49:36', '', '0');
INSERT INTO `sys_dict_item` VALUES (9, 3, '4', 'jar', 'job_type', 'jarзұ»еһӢ', 4, ' ', ' ', '2019-03-19 11:24:20', '2019-03-25 12:49:36', '', '0');
INSERT INTO `sys_dict_item` VALUES (10, 4, '1', 'жңӘеҸ‘еёғ', 'job_status', 'жңӘеҸ‘еёғ', 1, ' ', ' ', '2019-03-19 11:25:18', '2019-03-25 12:49:36', '', '0');
INSERT INTO `sys_dict_item` VALUES (11, 4, '2', 'иҝҗиЎҢдёӯ', 'job_status', 'иҝҗиЎҢдёӯ', 2, ' ', ' ', '2019-03-19 11:25:31', '2019-03-25 12:49:36', '', '0');
INSERT INTO `sys_dict_item` VALUES (12, 4, '3', 'жҡӮеҒң', 'job_status', 'жҡӮеҒң', 3, ' ', ' ', '2019-03-19 11:25:42', '2019-03-25 12:49:36', '', '0');
INSERT INTO `sys_dict_item` VALUES (13, 5, '0', 'жӯЈеёё', 'job_execute_status', 'жӯЈеёё', 0, ' ', ' ', '2019-03-19 11:26:27', '2019-03-25 12:49:36', '', '0');
INSERT INTO `sys_dict_item` VALUES (14, 5, '1', 'ејӮеёё', 'job_execute_status', 'ејӮеёё', 1, ' ', ' ', '2019-03-19 11:26:41', '2019-03-25 12:49:36', '', '0');
INSERT INTO `sys_dict_item` VALUES (15, 6, '1', 'й”ҷеӨұе‘Ёжңҹз«ӢеҚіжү§иЎҢ', 'misfire_policy', 'й”ҷеӨұе‘Ёжңҹз«ӢеҚіжү§иЎҢ', 1, ' ', ' ', '2019-03-19 11:27:45', '2019-03-25 12:49:36', '', '0');
INSERT INTO `sys_dict_item` VALUES (16, 6, '2', 'й”ҷеӨұе‘Ёжңҹжү§иЎҢдёҖж¬Ў', 'misfire_policy', 'й”ҷеӨұе‘Ёжңҹжү§иЎҢдёҖж¬Ў', 2, ' ', ' ', '2019-03-19 11:27:57', '2019-03-25 12:49:36', '', '0');
INSERT INTO `sys_dict_item` VALUES (17, 6, '3', 'дёӢе‘Ёжңҹжү§иЎҢ', 'misfire_policy', 'дёӢе‘Ёжңҹжү§иЎҢ', 3, ' ', ' ', '2019-03-19 11:28:08', '2019-03-25 12:49:36', '', '0');
INSERT INTO `sys_dict_item` VALUES (18, 7, '1', 'з”·', 'gender', 'еҫ®дҝЎ-з”·', 0, ' ', ' ', '2019-03-27 13:45:13', '2019-03-27 13:45:13', 'еҫ®дҝЎ-з”·', '0');
INSERT INTO `sys_dict_item` VALUES (19, 7, '2', 'еҘі', 'gender', 'еҘі-еҫ®дҝЎ', 1, ' ', ' ', '2019-03-27 13:45:34', '2019-03-27 13:45:34', 'еҘі-еҫ®дҝЎ', '0');
INSERT INTO `sys_dict_item` VALUES (20, 7, '0', 'жңӘзҹҘ', 'gender', 'xжҖ§еҲ«жңӘзҹҘ', 3, ' ', ' ', '2019-03-27 13:45:57', '2019-03-27 13:45:57', 'xжҖ§еҲ«жңӘзҹҘ', '0');
INSERT INTO `sys_dict_item` VALUES (21, 8, '0', 'жңӘе…іжіЁ', 'subscribe', 'е…¬дј—еҸ·-жңӘе…іжіЁ', 0, ' ', ' ', '2019-03-27 13:49:07', '2019-03-27 13:49:07', 'е…¬дј—еҸ·-жңӘе…іжіЁ', '0');
INSERT INTO `sys_dict_item` VALUES (22, 8, '1', 'е·Іе…іжіЁ', 'subscribe', 'е…¬дј—еҸ·-е·Іе…іжіЁ', 1, ' ', ' ', '2019-03-27 13:49:26', '2019-03-27 13:49:26', 'е…¬дј—еҸ·-е·Іе…іжіЁ', '0');
INSERT INTO `sys_dict_item` VALUES (23, 9, '0', 'жңӘеӣһеӨҚ', 'response_type', 'еҫ®дҝЎж¶ҲжҒҜ-жңӘеӣһеӨҚ', 0, ' ', ' ', '2019-03-28 21:29:47', '2019-03-28 21:29:47', 'еҫ®дҝЎж¶ҲжҒҜ-жңӘеӣһеӨҚ', '0');
INSERT INTO `sys_dict_item` VALUES (24, 9, '1', 'е·ІеӣһеӨҚ', 'response_type', 'еҫ®дҝЎж¶ҲжҒҜ-е·ІеӣһеӨҚ', 1, ' ', ' ', '2019-03-28 21:30:08', '2019-03-28 21:30:08', 'еҫ®дҝЎж¶ҲжҒҜ-е·ІеӣһеӨҚ', '0');
INSERT INTO `sys_dict_item` VALUES (25, 10, '1', 'жЈҖзҙў', 'param_type', 'жЈҖзҙў', 0, ' ', ' ', '2019-04-29 18:22:17', '2019-04-29 18:22:17', 'жЈҖзҙў', '0');
INSERT INTO `sys_dict_item` VALUES (26, 10, '2', 'еҺҹж–Ү', 'param_type', 'еҺҹж–Ү', 0, ' ', ' ', '2019-04-29 18:22:27', '2019-04-29 18:22:27', 'еҺҹж–Ү', '0');
INSERT INTO `sys_dict_item` VALUES (27, 10, '3', 'жҠҘиЎЁ', 'param_type', 'жҠҘиЎЁ', 0, ' ', ' ', '2019-04-29 18:22:36', '2019-04-29 18:22:36', 'жҠҘиЎЁ', '0');
INSERT INTO `sys_dict_item` VALUES (28, 10, '4', 'е®үе…Ё', 'param_type', 'е®үе…Ё', 0, ' ', ' ', '2019-04-29 18:22:46', '2019-04-29 18:22:46', 'е®үе…Ё', '0');
INSERT INTO `sys_dict_item` VALUES (29, 10, '5', 'ж–ҮжЎЈ', 'param_type', 'ж–ҮжЎЈ', 0, ' ', ' ', '2019-04-29 18:22:56', '2019-04-29 18:22:56', 'ж–ҮжЎЈ', '0');
INSERT INTO `sys_dict_item` VALUES (30, 10, '6', 'ж¶ҲжҒҜ', 'param_type', 'ж¶ҲжҒҜ', 0, ' ', ' ', '2019-04-29 18:23:05', '2019-04-29 18:23:05', 'ж¶ҲжҒҜ', '0');
INSERT INTO `sys_dict_item` VALUES (31, 10, '9', 'е…¶д»–', 'param_type', 'е…¶д»–', 0, ' ', ' ', '2019-04-29 18:23:16', '2019-04-29 18:23:16', 'е…¶д»–', '0');
INSERT INTO `sys_dict_item` VALUES (32, 10, '0', 'й»ҳи®Ө', 'param_type', 'й»ҳи®Ө', 0, ' ', ' ', '2019-04-29 18:23:30', '2019-04-29 18:23:30', 'й»ҳи®Ө', '0');
INSERT INTO `sys_dict_item` VALUES (33, 11, '0', 'жӯЈеёё', 'status_type', 'зҠ¶жҖҒжӯЈеёё', 0, ' ', ' ', '2019-05-15 16:31:34', '2019-05-16 22:30:46', 'зҠ¶жҖҒжӯЈеёё', '0');
INSERT INTO `sys_dict_item` VALUES (34, 11, '9', 'еҶ»з»“', 'status_type', 'зҠ¶жҖҒеҶ»з»“', 1, ' ', ' ', '2019-05-15 16:31:56', '2019-05-16 22:30:50', 'зҠ¶жҖҒеҶ»з»“', '0');
INSERT INTO `sys_dict_item` VALUES (35, 12, '1', 'зі»з»ҹзұ»', 'dict_type', 'зі»з»ҹзұ»еӯ—е…ё', 0, ' ', ' ', '2019-05-16 14:20:40', '2019-05-16 14:20:40', 'дёҚиғҪдҝ®ж”№еҲ йҷӨ', '0');
INSERT INTO `sys_dict_item` VALUES (36, 12, '0', 'дёҡеҠЎзұ»', 'dict_type', 'дёҡеҠЎзұ»еӯ—е…ё', 0, ' ', ' ', '2019-05-16 14:20:59', '2019-05-16 14:20:59', 'еҸҜд»Ҙдҝ®ж”№', '0');
INSERT INTO `sys_dict_item` VALUES (37, 2, 'GITEE', 'з Ғдә‘', 'social_type', 'з Ғдә‘', 2, ' ', ' ', '2019-06-28 09:59:12', '2019-06-28 09:59:12', 'з Ғдә‘', '0');
INSERT INTO `sys_dict_item` VALUES (38, 2, 'OSC', 'ејҖжәҗдёӯеӣҪ', 'social_type', 'ејҖжәҗдёӯеӣҪзҷ»еҪ•', 2, ' ', ' ', '2019-06-28 10:04:32', '2019-06-28 10:04:32', '', '0');
INSERT INTO `sys_dict_item` VALUES (39, 14, 'password', 'еҜҶз ҒжЁЎејҸ', 'grant_types', 'ж”ҜжҢҒoauthеҜҶз ҒжЁЎејҸ', 0, ' ', ' ', '2019-08-13 07:35:28', '2019-08-13 07:35:28', NULL, '0');
INSERT INTO `sys_dict_item` VALUES (40, 14, 'authorization_code', 'жҺҲжқғз ҒжЁЎејҸ', 'grant_types', 'oauth2 жҺҲжқғз ҒжЁЎејҸ', 1, ' ', ' ', '2019-08-13 07:36:07', '2019-08-13 07:36:07', NULL, '0');
INSERT INTO `sys_dict_item` VALUES (41, 14, 'client_credentials', 'е®ўжҲ·з«ҜжЁЎејҸ', 'grant_types', 'oauth2 е®ўжҲ·з«ҜжЁЎејҸ', 2, ' ', ' ', '2019-08-13 07:36:30', '2019-08-13 07:36:30', NULL, '0');
INSERT INTO `sys_dict_item` VALUES (42, 14, 'refresh_token', 'еҲ·ж–°жЁЎејҸ', 'grant_types', 'oauth2 еҲ·ж–°token', 3, ' ', ' ', '2019-08-13 07:36:54', '2019-08-13 07:36:54', NULL, '0');
INSERT INTO `sys_dict_item` VALUES (43, 14, 'implicit', 'з®ҖеҢ–жЁЎејҸ', 'grant_types', 'oauth2 з®ҖеҢ–жЁЎејҸ', 4, ' ', ' ', '2019-08-13 07:39:32', '2019-08-13 07:39:32', NULL, '0');
INSERT INTO `sys_dict_item` VALUES (44, 15, '0', 'Avue', 'style_type', 'AvueйЈҺж ј', 0, ' ', ' ', '2020-02-07 03:52:52', '2020-02-07 03:52:52', '', '0');
INSERT INTO `sys_dict_item` VALUES (45, 15, '1', 'element', 'style_type', 'element-ui', 1, ' ', ' ', '2020-02-07 03:53:12', '2020-02-07 03:53:12', '', '0');
INSERT INTO `sys_dict_item` VALUES (46, 16, '0', 'е…і', 'captcha_flag_types', 'дёҚж ЎйӘҢйӘҢиҜҒз Ғ', 0, ' ', ' ', '2020-11-18 06:53:58', '2020-11-18 06:53:58', 'дёҚж ЎйӘҢйӘҢиҜҒз Ғ -0', '0');
INSERT INTO `sys_dict_item` VALUES (47, 16, '1', 'ејҖ', 'captcha_flag_types', 'ж ЎйӘҢйӘҢиҜҒз Ғ', 1, ' ', ' ', '2020-11-18 06:54:15', '2020-11-18 06:54:15', 'дёҚж ЎйӘҢйӘҢиҜҒз Ғ-1', '0');
INSERT INTO `sys_dict_item` VALUES (48, 17, '0', 'еҗҰ', 'enc_flag_types', 'дёҚеҠ еҜҶ', 0, ' ', ' ', '2020-11-18 06:55:31', '2020-11-18 06:55:31', 'дёҚеҠ еҜҶ-0', '0');
INSERT INTO `sys_dict_item` VALUES (49, 17, '1', 'жҳҜ', 'enc_flag_types', 'еҠ еҜҶ', 1, ' ', ' ', '2020-11-18 06:55:51', '2020-11-18 06:55:51', 'еҠ еҜҶ-1', '0');
INSERT INTO `sys_dict_item` VALUES (50, 13, 'MERGE_PAY', 'иҒҡеҗҲж”Ҝд»ҳ', 'channel_type', 'иҒҡеҗҲж”Ҝд»ҳ', 1, ' ', ' ', '2019-05-30 19:08:08', '2019-06-18 13:51:53', 'иҒҡеҗҲж”Ҝд»ҳ', '0');
INSERT INTO `sys_dict_item` VALUES (51, 2, 'CAS', 'CASзҷ»еҪ•', 'social_type', 'CAS еҚ•зӮ№зҷ»еҪ•зі»з»ҹ', 3, ' ', ' ', '2022-02-18 13:56:25', '2022-02-18 13:56:28', NULL, '0');
INSERT INTO `sys_dict_item` VALUES (52, 2, 'DINGTALK', 'й’үй’ү', 'social_type', 'й’үй’ү', 3, ' ', ' ', '2022-02-18 13:56:25', '2022-02-18 13:56:28', NULL, '0');
INSERT INTO `sys_dict_item` VALUES (53, 2, 'WEIXIN_CP', 'дјҒдёҡеҫ®дҝЎ', 'social_type', 'дјҒдёҡеҫ®дҝЎ', 3, ' ', ' ', '2022-02-18 13:56:25', '2022-02-18 13:56:28', NULL, '0');
INSERT INTO `sys_dict_item` VALUES (54, 15, '2', 'APP', 'style_type', 'uviewйЈҺж ј', 1, ' ', ' ', '2020-02-07 03:53:12', '2020-02-07 03:53:12', '', '0');
INSERT INTO `sys_dict_item` VALUES (55, 13, 'ALIPAY_WAP', 'ж”Ҝд»ҳе®қж”Ҝд»ҳ', 'channel_type', 'ж”Ҝд»ҳе®қж”Ҝд»ҳ', 1, ' ', ' ', '2019-05-30 19:08:08', '2019-06-18 13:51:53', 'иҒҡеҗҲж”Ҝд»ҳ', '0');
INSERT INTO `sys_dict_item` VALUES (56, 13, 'WEIXIN_MP', 'еҫ®дҝЎж”Ҝд»ҳ', 'channel_type', 'еҫ®дҝЎж”Ҝд»ҳ', 1, ' ', ' ', '2019-05-30 19:08:08', '2019-06-18 13:51:53', 'иҒҡеҗҲж”Ҝд»ҳ', '0');
INSERT INTO `sys_dict_item` VALUES (57, 14, 'mobile', 'mobile', 'grant_types', 'з§»еҠЁз«Ҝзҷ»еҪ•', 5, 'admin', ' ', '2023-01-29 17:21:42', NULL, NULL, '0');
INSERT INTO `sys_dict_item` VALUES (58, 18, '0', 'жңүж•Ҳ', 'lock_flag', 'жңүж•Ҳ', 0, 'admin', ' ', '2023-02-01 16:56:00', NULL, NULL, '0');
INSERT INTO `sys_dict_item` VALUES (59, 18, '9', 'зҰҒз”Ё', 'lock_flag', 'зҰҒз”Ё', 1, 'admin', ' ', '2023-02-01 16:56:09', NULL, NULL, '0');
INSERT INTO `sys_dict_item` VALUES (60, 15, '4', 'vue3', 'style_type', 'element-plus', 4, 'admin', ' ', '2023-02-06 13:52:43', NULL, NULL, '0');
INSERT INTO `sys_dict_item` VALUES (61, 19, '0', 'дё»жңә', 'ds_config_type', 'дё»жңә', 0, 'admin', ' ', '2023-02-06 18:37:23', NULL, NULL, '0');
INSERT INTO `sys_dict_item` VALUES (62, 19, '1', 'JDBC', 'ds_config_type', 'jdbc', 2, 'admin', ' ', '2023-02-06 18:37:34', NULL, NULL, '0');
INSERT INTO `sys_dict_item` VALUES (63, 20, 'false', 'еҗҰ', 'common_status', 'еҗҰ', 1, 'admin', ' ', '2023-02-09 11:02:39', NULL, NULL, '0');
INSERT INTO `sys_dict_item` VALUES (64, 20, 'true', 'жҳҜ', 'common_status', 'жҳҜ', 2, 'admin', ' ', '2023-02-09 11:02:52', NULL, NULL, '0');
INSERT INTO `sys_dict_item` VALUES (65, 21, 'MINI', 'е°ҸзЁӢеәҸ', 'app_social_type', 'е°ҸзЁӢеәҸзҷ»еҪ•', 0, 'admin', ' ', '2023-02-10 11:11:41', NULL, NULL, '0');
INSERT INTO `sys_dict_item` VALUES (66, 22, '0', 'еҗҰ', 'yes_no_type', '0', 0, 'admin', ' ', '2023-02-20 23:35:23', NULL, '0', '0');
INSERT INTO `sys_dict_item` VALUES (67, 22, '1', 'жҳҜ', 'yes_no_type', '1', 0, 'admin', ' ', '2023-02-20 23:35:37', NULL, '1', '0');
INSERT INTO `sys_dict_item` VALUES (69, 23, 'text', 'ж–Үжң¬', 'repType', 'ж–Үжң¬', 0, 'admin', ' ', '2023-02-24 15:08:45', NULL, NULL, '0');
INSERT INTO `sys_dict_item` VALUES (70, 23, 'image', 'еӣҫзүҮ', 'repType', 'еӣҫзүҮ', 0, 'admin', ' ', '2023-02-24 15:08:56', NULL, NULL, '0');
INSERT INTO `sys_dict_item` VALUES (71, 23, 'voice', 'иҜӯйҹі', 'repType', 'иҜӯйҹі', 0, 'admin', ' ', '2023-02-24 15:09:08', NULL, NULL, '0');
INSERT INTO `sys_dict_item` VALUES (72, 23, 'video', 'и§Ҷйў‘', 'repType', 'и§Ҷйў‘', 0, 'admin', ' ', '2023-02-24 15:09:18', NULL, NULL, '0');
INSERT INTO `sys_dict_item` VALUES (73, 23, 'shortvideo', 'е°Ҹи§Ҷйў‘', 'repType', 'е°Ҹи§Ҷйў‘', 0, 'admin', ' ', '2023-02-24 15:09:29', NULL, NULL, '0');
INSERT INTO `sys_dict_item` VALUES (74, 23, 'location', 'ең°зҗҶдҪҚзҪ®', 'repType', 'ең°зҗҶдҪҚзҪ®', 0, 'admin', ' ', '2023-02-24 15:09:41', NULL, NULL, '0');
INSERT INTO `sys_dict_item` VALUES (75, 23, 'link', 'й“ҫжҺҘж¶ҲжҒҜ', 'repType', 'й“ҫжҺҘж¶ҲжҒҜ', 0, 'admin', ' ', '2023-02-24 15:09:49', NULL, NULL, '0');
INSERT INTO `sys_dict_item` VALUES (76, 23, 'event', 'дәӢд»¶жҺЁйҖҒ', 'repType', 'дәӢд»¶жҺЁйҖҒ', 0, 'admin', ' ', '2023-02-24 15:09:57', NULL, NULL, '0');
INSERT INTO `sys_dict_item` VALUES (77, 24, '0', 'жңӘжҸҗдәӨ', 'leave_status', 'жңӘжҸҗдәӨ', 0, 'admin', ' ', '2023-03-02 22:50:45', NULL, 'жңӘжҸҗдәӨ', '0');
INSERT INTO `sys_dict_item` VALUES (78, 24, '1', 'е®Ўжү№дёӯ', 'leave_status', 'е®Ўжү№дёӯ', 0, 'admin', ' ', '2023-03-02 22:50:57', NULL, 'е®Ўжү№дёӯ', '0');
INSERT INTO `sys_dict_item` VALUES (79, 24, '2', 'е®ҢжҲҗ', 'leave_status', 'е®ҢжҲҗ', 0, 'admin', ' ', '2023-03-02 22:51:06', NULL, 'е®ҢжҲҗ', '0');
INSERT INTO `sys_dict_item` VALUES (80, 24, '9', 'й©іеӣһ', 'leave_status', 'й©іеӣһ', 0, 'admin', ' ', '2023-03-02 22:51:20', NULL, NULL, '0');
INSERT INTO `sys_dict_item` VALUES (81, 25, 'record', 'ж—ҘзЁӢи®°еҪ•', 'schedule_type', 'ж—ҘзЁӢи®°еҪ•', 0, 'admin', ' ', '2023-03-06 14:50:01', NULL, NULL, '0');
INSERT INTO `sys_dict_item` VALUES (82, 25, 'plan', 'и®ЎеҲ’', 'schedule_type', 'и®ЎеҲ’зұ»еһӢ', 0, 'admin', ' ', '2023-03-06 14:50:29', NULL, NULL, '0');
INSERT INTO `sys_dict_item` VALUES (83, 26, '0', 'и®ЎеҲ’дёӯ', 'schedule_status', 'ж—ҘзЁӢзҠ¶жҖҒ', 0, 'admin', ' ', '2023-03-06 14:53:18', NULL, NULL, '0');
INSERT INTO `sys_dict_item` VALUES (84, 26, '1', 'е·ІејҖе§Ӣ', 'schedule_status', 'е·ІејҖе§Ӣ', 0, 'admin', ' ', '2023-03-06 14:53:33', NULL, NULL, '0');
INSERT INTO `sys_dict_item` VALUES (85, 26, '3', 'е·Із»“жқҹ', 'schedule_status', 'е·Із»“жқҹ', 0, 'admin', ' ', '2023-03-06 14:53:41', NULL, NULL, '0');
INSERT INTO `sys_dict_item` VALUES (86, 27, 'mysql', 'mysql', 'ds_type', 'mysql', 0, 'admin', ' ', '2023-03-12 09:58:11', NULL, NULL, '0');
COMMIT;

-- ----------------------------
-- Table structure for sys_file
-- ----------------------------
DROP TABLE IF EXISTS `sys_file`;
CREATE TABLE `sys_file` (
  `id` bigint NOT NULL COMMENT 'зј–еҸ·',
  `file_name` varchar(100)  DEFAULT NULL COMMENT 'ж–Үд»¶еҗҚ',
  `bucket_name` varchar(200)  DEFAULT NULL COMMENT 'ж–Үд»¶еӯҳеӮЁжЎ¶еҗҚз§°',
  `original` varchar(100)  DEFAULT NULL COMMENT 'еҺҹе§Ӣж–Үд»¶еҗҚ',
  `type` varchar(50)  DEFAULT NULL COMMENT 'ж–Үд»¶зұ»еһӢ',
  `file_size` bigint DEFAULT NULL COMMENT 'ж–Үд»¶еӨ§е°Ҹ',
  `create_by` varchar(64)  NOT NULL DEFAULT ' ' COMMENT 'еҲӣе»әдәә',
  `update_by` varchar(64)  NOT NULL DEFAULT ' ' COMMENT 'дҝ®ж”№дәә',
  `create_time` datetime DEFAULT NULL COMMENT 'дёҠдј ж—¶й—ҙ',
  `update_time` datetime DEFAULT NULL COMMENT 'жӣҙж–°ж—¶й—ҙ',
  `del_flag` char(1)  DEFAULT '0' COMMENT 'еҲ йҷӨж Үеҝ—',
  PRIMARY KEY (`id`) USING BTREE
) ENGINE=InnoDB  COMMENT='ж–Үд»¶з®ЎзҗҶиЎЁ';

-- ----------------------------
-- Records of sys_file
-- ----------------------------
BEGIN;
COMMIT;

-- ----------------------------
-- Table structure for sys_log
-- ----------------------------
DROP TABLE IF EXISTS `sys_log`;
CREATE TABLE `sys_log` (
  `id` bigint NOT NULL COMMENT 'зј–еҸ·',
  `log_type` char(1)  DEFAULT '0' COMMENT 'ж—Ҙеҝ—зұ»еһӢ',
  `title` varchar(255)  DEFAULT NULL COMMENT 'ж—Ҙеҝ—ж Үйўҳ',
  `service_id` varchar(32)  DEFAULT NULL COMMENT 'жңҚеҠЎID',
  `create_by` varchar(64)  DEFAULT ' ' COMMENT 'еҲӣе»әдәә',
  `update_by` varchar(64)  DEFAULT ' ' COMMENT 'дҝ®ж”№дәә',
  `create_time` datetime DEFAULT NULL COMMENT 'еҲӣе»әж—¶й—ҙ',
  `update_time` datetime DEFAULT NULL COMMENT 'жӣҙж–°ж—¶й—ҙ',
  `remote_addr` varchar(255)  DEFAULT NULL COMMENT 'иҝңзЁӢең°еқҖ',
  `user_agent` varchar(1000)  DEFAULT NULL COMMENT 'з”ЁжҲ·д»ЈзҗҶ',
  `request_uri` varchar(255)  DEFAULT NULL COMMENT 'иҜ·жұӮURI',
  `method` varchar(10)  DEFAULT NULL COMMENT 'иҜ·жұӮж–№жі•',
  `params` text  COMMENT 'иҜ·жұӮеҸӮж•°',
  `time` bigint DEFAULT NULL COMMENT 'жү§иЎҢж—¶й—ҙ',
  `del_flag` char(1)  DEFAULT '0' COMMENT 'еҲ йҷӨж Үеҝ—',
  `exception` text  COMMENT 'ејӮеёёдҝЎжҒҜ',
  PRIMARY KEY (`id`) USING BTREE,
  KEY `sys_log_request_uri` (`request_uri`) USING BTREE,
  KEY `sys_log_type` (`log_type`) USING BTREE,
  KEY `sys_log_create_date` (`create_time`) USING BTREE
) ENGINE=InnoDB  COMMENT='ж—Ҙеҝ—иЎЁ';


-- ----------------------------
-- Table structure for sys_menu
-- ----------------------------
DROP TABLE IF EXISTS `sys_menu`;
CREATE TABLE `sys_menu` (
  `menu_id` bigint NOT NULL COMMENT 'иҸңеҚ•ID',
  `name` varchar(32)  DEFAULT NULL COMMENT 'иҸңеҚ•еҗҚз§°',
  `en_name` varchar(128)  DEFAULT NULL COMMENT 'иӢұж–ҮеҗҚз§°',
  `permission` varchar(32)  DEFAULT NULL COMMENT 'жқғйҷҗж ҮиҜҶ',
  `path` varchar(128)  DEFAULT NULL COMMENT 'и·Ҝз”ұи·Ҝеҫ„',
  `parent_id` bigint DEFAULT NULL COMMENT 'зҲ¶иҸңеҚ•ID',
  `icon` varchar(64)  DEFAULT NULL COMMENT 'иҸңеҚ•еӣҫж Ү',
  `visible` char(1)  DEFAULT '1' COMMENT 'жҳҜеҗҰеҸҜи§ҒпјҢ0йҡҗи—ҸпјҢ1жҳҫзӨә',
  `sort_order` int DEFAULT '1' COMMENT 'жҺ’еәҸеҖјпјҢи¶Ҡе°Ҹи¶Ҡйқ еүҚ',
  `keep_alive` char(1)  DEFAULT '0' COMMENT 'жҳҜеҗҰзј“еӯҳпјҢ0еҗҰпјҢ1жҳҜ',
  `embedded` char(1)  DEFAULT NULL COMMENT 'жҳҜеҗҰеҶ…еөҢпјҢ0еҗҰпјҢ1жҳҜ',
  `menu_type` char(1)  DEFAULT '0' COMMENT 'иҸңеҚ•зұ»еһӢпјҢ0зӣ®еҪ•пјҢ1иҸңеҚ•пјҢ2жҢүй’®',
  `create_by` varchar(64)  NOT NULL DEFAULT ' ' COMMENT 'еҲӣе»әдәә',
  `create_time` datetime DEFAULT CURRENT_TIMESTAMP COMMENT 'еҲӣе»әж—¶й—ҙ',
  `update_by` varchar(64)  NOT NULL DEFAULT ' ' COMMENT 'дҝ®ж”№дәә',
  `update_time` datetime DEFAULT NULL ON UPDATE CURRENT_TIMESTAMP COMMENT 'жӣҙж–°ж—¶й—ҙ',
  `del_flag` char(1)  DEFAULT '0' COMMENT 'еҲ йҷӨж Үеҝ—пјҢ0жңӘеҲ йҷӨпјҢ1е·ІеҲ йҷӨ',
  PRIMARY KEY (`menu_id`) USING BTREE
) ENGINE=InnoDB  COMMENT='иҸңеҚ•жқғйҷҗиЎЁ';

-- ----------------------------
-- Records of sys_menu
-- ----------------------------
BEGIN;
INSERT INTO `sys_menu` VALUES (1000, 'жқғйҷҗз®ЎзҗҶ', 'authorization', NULL, '/admin', -1, 'iconfont icon-icon-', '1', 0, '0', '0', '0', '', '2018-09-28 08:29:53', 'admin', '2023-03-12 22:32:52', '0');
INSERT INTO `sys_menu` VALUES (1100, 'з”ЁжҲ·з®ЎзҗҶ', 'user', NULL, '/admin/user/index', 1000, 'ele-User', '1', 1, '0', '0', '0', '', '2017-11-02 22:24:37', 'admin', '2023-07-05 10:28:22', '0');
INSERT INTO `sys_menu` VALUES (1101, 'з”ЁжҲ·ж–°еўһ', NULL, 'sys_user_add', NULL, 1100, NULL, '1', 1, '0', NULL, '1', ' ', '2017-11-08 09:52:09', ' ', '2021-05-25 03:12:55', '0');
INSERT INTO `sys_menu` VALUES (1102, 'з”ЁжҲ·дҝ®ж”№', NULL, 'sys_user_edit', NULL, 1100, NULL, '1', 1, '0', NULL, '1', ' ', '2017-11-08 09:52:48', ' ', '2021-05-25 03:12:55', '0');
INSERT INTO `sys_menu` VALUES (1103, 'з”ЁжҲ·еҲ йҷӨ', NULL, 'sys_user_del', NULL, 1100, NULL, '1', 1, '0', NULL, '1', ' ', '2017-11-08 09:54:01', ' ', '2021-05-25 03:12:55', '0');
INSERT INTO `sys_menu` VALUES (1104, 'еҜје…ҘеҜјеҮә', NULL, 'sys_user_export', NULL, 1100, NULL, '1', 1, '0', NULL, '1', ' ', '2017-11-08 09:54:01', ' ', '2021-05-25 03:12:55', '0');
INSERT INTO `sys_menu` VALUES (1200, 'иҸңеҚ•з®ЎзҗҶ', 'menu', NULL, '/admin/menu/index', 1000, 'iconfont icon-caidan', '1', 2, '0', '0', '0', '', '2017-11-08 09:57:27', 'admin', '2023-07-05 10:28:17', '0');
INSERT INTO `sys_menu` VALUES (1201, 'иҸңеҚ•ж–°еўһ', NULL, 'sys_menu_add', NULL, 1200, NULL, '1', 1, '0', NULL, '1', ' ', '2017-11-08 10:15:53', ' ', '2021-05-25 03:12:55', '0');
INSERT INTO `sys_menu` VALUES (1202, 'иҸңеҚ•дҝ®ж”№', NULL, 'sys_menu_edit', NULL, 1200, NULL, '1', 1, '0', NULL, '1', ' ', '2017-11-08 10:16:23', ' ', '2021-05-25 03:12:55', '0');
INSERT INTO `sys_menu` VALUES (1203, 'иҸңеҚ•еҲ йҷӨ', NULL, 'sys_menu_del', NULL, 1200, NULL, '1', 1, '0', NULL, '1', ' ', '2017-11-08 10:16:43', ' ', '2021-05-25 03:12:55', '0');
INSERT INTO `sys_menu` VALUES (1300, 'и§’иүІз®ЎзҗҶ', 'role', NULL, '/admin/role/index', 1000, 'iconfont icon-gerenzhongxin', '1', 3, '0', NULL, '0', '', '2017-11-08 10:13:37', 'admin', '2023-07-05 10:28:13', '0');
INSERT INTO `sys_menu` VALUES (1301, 'и§’иүІж–°еўһ', NULL, 'sys_role_add', NULL, 1300, NULL, '1', 1, '0', NULL, '1', ' ', '2017-11-08 10:14:18', ' ', '2021-05-25 03:12:55', '0');
INSERT INTO `sys_menu` VALUES (1302, 'и§’иүІдҝ®ж”№', NULL, 'sys_role_edit', NULL, 1300, NULL, '1', 1, '0', NULL, '1', ' ', '2017-11-08 10:14:41', ' ', '2021-05-25 03:12:55', '0');
INSERT INTO `sys_menu` VALUES (1303, 'и§’иүІеҲ йҷӨ', NULL, 'sys_role_del', NULL, 1300, NULL, '1', 1, '0', NULL, '1', ' ', '2017-11-08 10:14:59', ' ', '2021-05-25 03:12:55', '0');
INSERT INTO `sys_menu` VALUES (1304, 'еҲҶй…Қжқғйҷҗ', NULL, 'sys_role_perm', NULL, 1300, NULL, '1', 1, '0', NULL, '1', ' ', '2018-04-20 07:22:55', ' ', '2021-05-25 03:12:55', '0');
INSERT INTO `sys_menu` VALUES (1305, 'и§’иүІеҜје…ҘеҜјеҮә', NULL, 'sys_role_export', NULL, 1300, NULL, '1', 4, '0', NULL, '1', ' ', '2022-03-26 15:54:34', ' ', NULL, '0');
INSERT INTO `sys_menu` VALUES (1400, 'йғЁй—Ёз®ЎзҗҶ', 'dept', NULL, '/admin/dept/index', 1000, 'iconfont icon-zidingyibuju', '1', 4, '0', NULL, '0', '', '2018-01-20 13:17:19', 'admin', '2023-07-05 10:28:07', '0');
INSERT INTO `sys_menu` VALUES (1401, 'йғЁй—Ёж–°еўһ', NULL, 'sys_dept_add', NULL, 1400, NULL, '1', 1, '0', NULL, '1', ' ', '2018-01-20 14:56:16', ' ', '2021-05-25 03:12:55', '0');
INSERT INTO `sys_menu` VALUES (1402, 'йғЁй—Ёдҝ®ж”№', NULL, 'sys_dept_edit', NULL, 1400, NULL, '1', 1, '0', NULL, '1', ' ', '2018-01-20 14:56:59', ' ', '2021-05-25 03:12:55', '0');
INSERT INTO `sys_menu` VALUES (1403, 'йғЁй—ЁеҲ йҷӨ', NULL, 'sys_dept_del', NULL, 1400, NULL, '1', 1, '0', NULL, '1', ' ', '2018-01-20 14:57:28', ' ', '2021-05-25 03:12:55', '0');
INSERT INTO `sys_menu` VALUES (1600, 'еІ—дҪҚз®ЎзҗҶ', 'post', NULL, '/admin/post/index', 1000, 'iconfont icon--chaifenhang', '1', 5, '1', '0', '0', '', '2022-03-26 13:04:14', 'admin', '2023-07-05 10:28:03', '0');
INSERT INTO `sys_menu` VALUES (1601, 'еІ—дҪҚдҝЎжҒҜжҹҘзңӢ', NULL, 'sys_post_view', NULL, 1600, NULL, '1', 0, '0', NULL, '1', ' ', '2022-03-26 13:05:34', ' ', NULL, '0');
INSERT INTO `sys_menu` VALUES (1602, 'еІ—дҪҚдҝЎжҒҜж–°еўһ', NULL, 'sys_post_add', NULL, 1600, NULL, '1', 1, '0', NULL, '1', ' ', '2022-03-26 13:06:00', ' ', NULL, '0');
INSERT INTO `sys_menu` VALUES (1603, 'еІ—дҪҚдҝЎжҒҜдҝ®ж”№', NULL, 'sys_post_edit', NULL, 1600, NULL, '1', 2, '0', NULL, '1', ' ', '2022-03-26 13:06:31', ' ', '2022-03-26 13:06:38', '0');
INSERT INTO `sys_menu` VALUES (1604, 'еІ—дҪҚдҝЎжҒҜеҲ йҷӨ', NULL, 'sys_post_del', NULL, 1600, NULL, '1', 3, '0', NULL, '1', ' ', '2022-03-26 13:06:31', ' ', NULL, '0');
INSERT INTO `sys_menu` VALUES (1605, 'еІ—дҪҚеҜје…ҘеҜјеҮә', NULL, 'sys_post_export', NULL, 1600, NULL, '1', 4, '0', NULL, '1', ' ', '2022-03-26 13:06:31', ' ', '2022-03-26 06:32:02', '0');
INSERT INTO `sys_menu` VALUES (2000, 'зі»з»ҹз®ЎзҗҶ', 'system', NULL, '/system', -1, 'iconfont icon-quanjushezhi_o', '1', 1, '0', NULL, '0', '', '2017-11-07 20:56:00', 'admin', '2023-07-05 10:27:58', '0');
INSERT INTO `sys_menu` VALUES (2001, 'ж—Ҙеҝ—з®ЎзҗҶ', 'log', NULL, '/admin/logs', 2000, 'ele-Cloudy', '1', 0, '0', '0', '0', 'admin', '2023-03-02 12:26:42', 'admin', '2023-07-05 10:27:53', '0');
INSERT INTO `sys_menu` VALUES (2100, 'ж“ҚдҪңж—Ҙеҝ—', 'operation', NULL, '/admin/log/index', 2001, 'iconfont icon-jinridaiban', '1', 2, '0', '0', '0', '', '2017-11-20 14:06:22', 'admin', '2023-07-05 10:27:49', '0');
INSERT INTO `sys_menu` VALUES (2101, 'ж—Ҙеҝ—еҲ йҷӨ', NULL, 'sys_log_del', NULL, 2100, NULL, '1', 1, '0', NULL, '1', ' ', '2017-11-20 20:37:37', ' ', '2021-05-25 03:12:55', '0');
INSERT INTO `sys_menu` VALUES (2102, 'еҜје…ҘеҜјеҮә', NULL, 'sys_log_export', NULL, 2100, NULL, '1', 1, '0', NULL, '1', ' ', '2017-11-08 09:54:01', ' ', '2021-05-25 03:12:55', '0');
INSERT INTO `sys_menu` VALUES (2200, 'еӯ—е…ёз®ЎзҗҶ', 'dict', NULL, '/admin/dict/index', 2000, 'iconfont icon-zhongduancanshuchaxun', '1', 6, '0', NULL, '0', '', '2017-11-29 11:30:52', 'admin', '2023-07-05 10:27:37', '0');
INSERT INTO `sys_menu` VALUES (2201, 'еӯ—е…ёеҲ йҷӨ', NULL, 'sys_dict_del', NULL, 2200, NULL, '1', 1, '0', NULL, '1', ' ', '2017-11-29 11:30:11', ' ', '2021-05-25 03:12:55', '0');
INSERT INTO `sys_menu` VALUES (2202, 'еӯ—е…ёж–°еўһ', NULL, 'sys_dict_add', NULL, 2200, NULL, '1', 1, '0', NULL, '1', ' ', '2018-05-11 22:34:55', ' ', '2021-05-25 03:12:55', '0');
INSERT INTO `sys_menu` VALUES (2203, 'еӯ—е…ёдҝ®ж”№', NULL, 'sys_dict_edit', NULL, 2200, NULL, '1', 1, '0', NULL, '1', ' ', '2018-05-11 22:36:03', ' ', '2021-05-25 03:12:55', '0');
INSERT INTO `sys_menu` VALUES (2210, 'еҸӮж•°з®ЎзҗҶ', 'parameter', NULL, '/admin/param/index', 2000, 'iconfont icon-wenducanshu-05', '1', 7, '1', NULL, '0', '', '2019-04-29 22:16:50', 'admin', '2023-02-16 15:24:51', '0');
INSERT INTO `sys_menu` VALUES (2211, 'еҸӮж•°ж–°еўһ', NULL, 'sys_syspublicparam_add', NULL, 2210, NULL, '1', 1, '0', NULL, '1', ' ', '2019-04-29 22:17:36', ' ', '2020-03-24 08:57:11', '0');
INSERT INTO `sys_menu` VALUES (2212, 'еҸӮж•°еҲ йҷӨ', NULL, 'sys_syspublicparam_del', NULL, 2210, NULL, '1', 1, '0', NULL, '1', ' ', '2019-04-29 22:17:55', ' ', '2020-03-24 08:57:12', '0');
INSERT INTO `sys_menu` VALUES (2213, 'еҸӮж•°зј–иҫ‘', NULL, 'sys_syspublicparam_edit', NULL, 2210, NULL, '1', 1, '0', NULL, '1', ' ', '2019-04-29 22:18:14', ' ', '2020-03-24 08:57:13', '0');
INSERT INTO `sys_menu` VALUES (2300, 'д»Јз Ғз”ҹжҲҗ', 'code', NULL, '/gen/table/index', 9000, 'iconfont icon-zhongduancanshu', '1', 1, '0', '0', '0', '', '2018-01-20 13:17:19', 'admin', '2023-02-20 13:54:35', '0');
INSERT INTO `sys_menu` VALUES (2400, 'з»Ҳз«Ҝз®ЎзҗҶ', 'client', NULL, '/admin/client/index', 2000, 'iconfont icon-gongju', '1', 9, '1', NULL, '0', '', '2018-01-20 13:17:19', 'admin', '2023-02-16 15:25:28', '0');
INSERT INTO `sys_menu` VALUES (2401, 'е®ўжҲ·з«Ҝж–°еўһ', NULL, 'sys_client_add', NULL, 2400, '1', '1', 1, '0', NULL, '1', ' ', '2018-05-15 21:35:18', ' ', '2021-05-25 03:12:55', '0');
INSERT INTO `sys_menu` VALUES (2402, 'е®ўжҲ·з«Ҝдҝ®ж”№', NULL, 'sys_client_edit', NULL, 2400, NULL, '1', 1, '0', NULL, '1', ' ', '2018-05-15 21:37:06', ' ', '2021-05-25 03:12:55', '0');
INSERT INTO `sys_menu` VALUES (2403, 'е®ўжҲ·з«ҜеҲ йҷӨ', NULL, 'sys_client_del', NULL, 2400, NULL, '1', 1, '0', NULL, '1', ' ', '2018-05-15 21:39:16', ' ', '2021-05-25 03:12:55', '0');
INSERT INTO `sys_menu` VALUES (2600, 'д»ӨзүҢз®ЎзҗҶ', 'token', NULL, '/admin/token/index', 2000, 'ele-Key', '1', 11, '0', NULL, '0', '', '2018-09-04 05:58:41', 'admin', '2023-02-16 15:28:28', '0');
INSERT INTO `sys_menu` VALUES (2601, 'д»ӨзүҢеҲ йҷӨ', NULL, 'sys_token_del', NULL, 2600, NULL, '1', 1, '0', NULL, '1', ' ', '2018-09-04 05:59:50', ' ', '2020-03-24 08:57:24', '0');
INSERT INTO `sys_menu` VALUES (2800, 'Quartzз®ЎзҗҶ', 'quartz', NULL, '/daemon/job-manage/index', 2000, 'ele-AlarmClock', '1', 8, '0', NULL, '0', '', '2018-01-20 13:17:19', 'admin', '2023-02-16 15:25:06', '0');
INSERT INTO `sys_menu` VALUES (2810, 'д»»еҠЎж–°еўһ', NULL, 'job_sys_job_add', NULL, 2800, '1', '1', 0, '0', NULL, '1', ' ', '2018-05-15 21:35:18', ' ', '2020-03-24 08:57:26', '0');
INSERT INTO `sys_menu` VALUES (2820, 'д»»еҠЎдҝ®ж”№', NULL, 'job_sys_job_edit', NULL, 2800, '1', '1', 0, '0', NULL, '1', ' ', '2018-05-15 21:35:18', ' ', '2020-03-24 08:57:27', '0');
INSERT INTO `sys_menu` VALUES (2830, 'д»»еҠЎеҲ йҷӨ', NULL, 'job_sys_job_del', NULL, 2800, '1', '1', 0, '0', NULL, '1', ' ', '2018-05-15 21:35:18', ' ', '2020-03-24 08:57:28', '0');
INSERT INTO `sys_menu` VALUES (2840, 'д»»еҠЎжҡӮеҒң', NULL, 'job_sys_job_shutdown_job', NULL, 2800, '1', '1', 0, '0', NULL, '1', ' ', '2018-05-15 21:35:18', ' ', '2020-03-24 08:57:28', '0');
INSERT INTO `sys_menu` VALUES (2850, 'д»»еҠЎејҖе§Ӣ', NULL, 'job_sys_job_start_job', NULL, 2800, '1', '1', 0, '0', NULL, '1', ' ', '2018-05-15 21:35:18', ' ', '2020-03-24 08:57:29', '0');
INSERT INTO `sys_menu` VALUES (2860, 'д»»еҠЎеҲ·ж–°', NULL, 'job_sys_job_refresh_job', NULL, 2800, '1', '1', 0, '0', NULL, '1', ' ', '2018-05-15 21:35:18', ' ', '2020-03-24 08:57:30', '0');
INSERT INTO `sys_menu` VALUES (2870, 'жү§иЎҢд»»еҠЎ', NULL, 'job_sys_job_run_job', NULL, 2800, '1', '1', 0, '0', NULL, '1', ' ', '2019-08-08 15:35:18', ' ', '2020-03-24 08:57:31', '0');
INSERT INTO `sys_menu` VALUES (2871, 'еҜјеҮә', NULL, 'job_sys_job_export', NULL, 2800, NULL, '1', 0, '0', '0', '1', 'admin', '2023-03-06 15:26:13', ' ', NULL, '0');
INSERT INTO `sys_menu` VALUES (2906, 'ж–Үд»¶з®ЎзҗҶ', 'file', NULL, '/admin/file/index', 2000, 'ele-Files', '1', 6, '0', NULL, '0', '', '2019-06-25 12:44:46', 'admin', '2023-02-16 15:24:42', '0');
INSERT INTO `sys_menu` VALUES (2907, 'еҲ йҷӨж–Үд»¶', NULL, 'sys_file_del', NULL, 2906, NULL, '1', 1, '0', NULL, '1', ' ', '2019-06-25 13:41:41', ' ', '2020-03-24 08:58:42', '0');
INSERT INTO `sys_menu` VALUES (4000, 'зі»з»ҹзӣ‘жҺ§', 'monitor', NULL, '/daemon', -1, 'iconfont icon-shuju', '1', 3, '0', '0', '0', 'admin', '2023-02-06 20:20:47', 'admin', '2023-02-23 20:01:07', '0');
INSERT INTO `sys_menu` VALUES (4001, 'ж–ҮжЎЈжү©еұ•', 'doc', NULL, 'http://pig-gateway:9999/swagger-ui.html', 4000, 'iconfont icon-biaodan', '1', 2, '0', '1', '0', '', '2018-06-26 10:50:32', 'admin', '2023-02-23 20:01:29', '0');
INSERT INTO `sys_menu` VALUES (4002, 'зј“еӯҳзӣ‘жҺ§', 'cache', NULL, '/ext/cache', 4000, 'iconfont icon-shuju', '1', 1, '0', '0', '0', 'admin', '2023-05-29 15:12:59', 'admin', '2023-06-06 11:58:41', '0');
INSERT INTO `sys_menu` VALUES (9000, 'ејҖеҸ‘е№іеҸ°', 'develop', NULL, '/gen', -1, 'iconfont icon-shuxingtu', '1', 9, '0', '0', '0', '', '2019-08-12 09:35:16', 'admin', '2023-07-05 10:25:27', '0');
INSERT INTO `sys_menu` VALUES (9005, 'ж•°жҚ®жәҗз®ЎзҗҶ', 'datasource', NULL, '/gen/datasource/index', 9000, 'ele-Coin', '1', 0, '0', NULL, '0', '', '2019-08-12 09:42:11', 'admin', '2023-07-05 10:26:56', '0');
INSERT INTO `sys_menu` VALUES (9006, 'иЎЁеҚ•и®ҫи®Ў', 'Form Design', NULL, '/gen/design/index', 9000, 'iconfont icon-AIshiyanshi', '0', 2, '0', '0', '0', '', '2019-08-16 10:08:56', 'admin', '2023-02-23 14:06:50', '0');
INSERT INTO `sys_menu` VALUES (9007, 'з”ҹжҲҗйЎөйқў', 'generation', NULL, '/gen/gener/index', 9000, 'iconfont icon-tongzhi4', '0', 0, '0', '0', '0', 'admin', '2023-02-20 09:58:23', 'admin', '2023-07-05 10:27:06', '0');
INSERT INTO `sys_menu` VALUES (9050, 'е…ғж•°жҚ®з®ЎзҗҶ', 'metadata', NULL, '/gen/metadata', 9000, 'iconfont icon--chaifenhang', '1', 9, '0', '0', '0', '', '2018-07-27 01:13:21', 'admin', '2023-07-05 10:27:13', '0');
INSERT INTO `sys_menu` VALUES (9051, 'жЁЎжқҝз®ЎзҗҶ', 'template', NULL, '/gen/template/index', 9050, 'iconfont icon--chaifenhang', '1', 5, '0', '0', '0', 'admin', '2023-02-21 11:22:54', 'admin', '2023-07-05 10:27:18', '0');
INSERT INTO `sys_menu` VALUES (9052, 'жҹҘиҜў', NULL, 'codegen_template_view', NULL, 9051, NULL, '0', 0, '0', '0', '1', 'admin', '2023-02-21 12:33:03', 'admin', '2023-02-21 13:50:54', '0');
INSERT INTO `sys_menu` VALUES (9053, 'еўһеҠ ', NULL, 'codegen_template_add', NULL, 9051, NULL, '1', 0, '0', '0', '1', 'admin', '2023-02-21 13:34:10', 'admin', '2023-02-21 13:39:49', '0');
INSERT INTO `sys_menu` VALUES (9054, 'ж–°еўһ', NULL, 'codegen_template_add', NULL, 9051, NULL, '0', 1, '0', '0', '1', 'admin', '2023-02-21 13:51:32', ' ', NULL, '0');
INSERT INTO `sys_menu` VALUES (9055, 'еҜјеҮә', NULL, 'codegen_template_export', NULL, 9051, NULL, '0', 2, '0', '0', '1', 'admin', '2023-02-21 13:51:58', ' ', NULL, '0');
INSERT INTO `sys_menu` VALUES (9056, 'еҲ йҷӨ', NULL, 'codegen_template_del', NULL, 9051, NULL, '0', 3, '0', '0', '1', 'admin', '2023-02-21 13:52:16', ' ', NULL, '0');
INSERT INTO `sys_menu` VALUES (9057, 'зј–иҫ‘', NULL, 'codegen_template_edit', NULL, 9051, NULL, '0', 4, '0', '0', '1', 'admin', '2023-02-21 13:52:58', ' ', NULL, '0');
INSERT INTO `sys_menu` VALUES (9059, 'жЁЎжқҝеҲҶз»„', 'smmGroup', NULL, '/gen/smmGroup/index', 9050, 'iconfont icon-shuxingtu', '1', 6, '0', '0', '0', 'admin', '2023-02-21 15:06:50', 'admin', '2023-07-05 10:27:22', '0');
INSERT INTO `sys_menu` VALUES (9060, 'жҹҘиҜў', NULL, 'codegen_group_view', NULL, 9059, NULL, '0', 0, '0', '0', '1', 'admin', '2023-02-21 15:08:07', ' ', NULL, '0');
INSERT INTO `sys_menu` VALUES (9061, 'ж–°еўһ', NULL, 'codegen_group_add', NULL, 9059, NULL, '0', 0, '0', '0', '1', 'admin', '2023-02-21 15:08:28', ' ', NULL, '0');
INSERT INTO `sys_menu` VALUES (9062, 'дҝ®ж”№', NULL, 'codegen_group_edit', NULL, 9059, NULL, '0', 0, '0', '0', '1', 'admin', '2023-02-21 15:08:43', ' ', NULL, '0');
INSERT INTO `sys_menu` VALUES (9063, 'еҲ йҷӨ', NULL, 'codegen_group_del', NULL, 9059, NULL, '0', 0, '0', '0', '1', 'admin', '2023-02-21 15:09:02', ' ', NULL, '0');
INSERT INTO `sys_menu` VALUES (9064, 'еҜјеҮә', NULL, 'codegen_group_export', NULL, 9059, NULL, '0', 0, '0', '0', '1', 'admin', '2023-02-21 15:09:22', ' ', NULL, '0');
INSERT INTO `sys_menu` VALUES (9065, 'еӯ—ж®өз®ЎзҗҶ', 'field', NULL, '/gen/field-type/index', 9050, 'iconfont icon-fuwenben', '1', 0, '0', '0', '0', 'admin', '2023-02-23 20:05:09', 'admin', '2023-07-05 10:27:31', '0');
COMMIT;

-- ----------------------------
-- Table structure for sys_oauth_client_details
-- ----------------------------
DROP TABLE IF EXISTS `sys_oauth_client_details`;
CREATE TABLE `sys_oauth_client_details` (
  `id` bigint NOT NULL COMMENT 'ID',
  `client_id` varchar(32)  NOT NULL COMMENT 'е®ўжҲ·з«ҜID',
  `resource_ids` varchar(256)  DEFAULT NULL COMMENT 'иө„жәҗIDйӣҶеҗҲ',
  `client_secret` varchar(256)  DEFAULT NULL COMMENT 'е®ўжҲ·з«Ҝз§ҳй’Ҙ',
  `scope` varchar(256)  DEFAULT NULL COMMENT 'жҺҲжқғиҢғеӣҙ',
  `authorized_grant_types` varchar(256)  DEFAULT NULL COMMENT 'жҺҲжқғзұ»еһӢ',
  `web_server_redirect_uri` varchar(256)  DEFAULT NULL COMMENT 'еӣһи°ғең°еқҖ',
  `authorities` varchar(256)  DEFAULT NULL COMMENT 'жқғйҷҗйӣҶеҗҲ',
  `access_token_validity` int DEFAULT NULL COMMENT 'и®ҝй—®д»ӨзүҢжңүж•ҲжңҹпјҲз§’пјү',
  `refresh_token_validity` int DEFAULT NULL COMMENT 'еҲ·ж–°д»ӨзүҢжңүж•ҲжңҹпјҲз§’пјү',
  `additional_information` varchar(4096)  DEFAULT NULL COMMENT 'йҷ„еҠ дҝЎжҒҜ',
  `autoapprove` varchar(256)  DEFAULT NULL COMMENT 'иҮӘеҠЁжҺҲжқғ',
  `del_flag` char(1)  DEFAULT '0' COMMENT 'еҲ йҷӨж Үи®°пјҢ0жңӘеҲ йҷӨпјҢ1е·ІеҲ йҷӨ',
  `create_by` varchar(64)  NOT NULL DEFAULT ' ' COMMENT 'еҲӣе»әдәә',
  `update_by` varchar(64)  NOT NULL DEFAULT ' ' COMMENT 'дҝ®ж”№дәә',
  `create_time` datetime DEFAULT NULL COMMENT 'еҲӣе»әж—¶й—ҙ',
  `update_time` datetime DEFAULT NULL COMMENT 'жӣҙж–°ж—¶й—ҙ',
  PRIMARY KEY (`id`) USING BTREE
) ENGINE=InnoDB  COMMENT='з»Ҳз«ҜдҝЎжҒҜиЎЁ';

-- ----------------------------
-- Records of sys_oauth_client_details
-- ----------------------------
BEGIN;
INSERT INTO `sys_oauth_client_details` VALUES (1, 'app', NULL, 'app', 'server', 'password,refresh_token,authorization_code,client_credentials,mobile', 'http://localhost:4040/sso1/login,http://localhost:4041/sso1/login,http://localhost:8080/renren-admin/sys/oauth2-sso,http://localhost:8090/sys/oauth2-sso', NULL, 43200, 2592001, '{\"enc_flag\":\"1\",\"captcha_flag\":\"1\",\"online_quantity\":\"1\"}', 'true', '0', '', 'admin', NULL, '2023-02-09 13:54:54');
INSERT INTO `sys_oauth_client_details` VALUES (2, 'daemon', NULL, 'daemon', 'server', 'password,refresh_token', NULL, NULL, 43200, 2592001, '{\"enc_flag\":\"1\",\"captcha_flag\":\"1\"}', 'true', '0', ' ', ' ', NULL, NULL);
INSERT INTO `sys_oauth_client_details` VALUES (3, 'gen', NULL, 'gen', 'server', 'password,refresh_token', NULL, NULL, 43200, 2592001, '{\"enc_flag\":\"1\",\"captcha_flag\":\"1\"}', 'true', '0', ' ', ' ', NULL, NULL);
INSERT INTO `sys_oauth_client_details` VALUES (4, 'mp', NULL, 'mp', 'server', 'password,refresh_token', NULL, NULL, 43200, 2592001, '{\"enc_flag\":\"1\",\"captcha_flag\":\"1\"}', 'true', '0', ' ', ' ', NULL, NULL);
INSERT INTO `sys_oauth_client_details` VALUES (5, 'pig', NULL, 'pig', 'server', 'password,refresh_token,authorization_code,client_credentials,mobile', 'http://localhost:4040/sso1/login,http://localhost:4041/sso1/login,http://localhost:8080/renren-admin/sys/oauth2-sso,http://localhost:8090/sys/oauth2-sso', NULL, 43200, 2592001, '{\"enc_flag\":\"1\",\"captcha_flag\":\"1\",\"online_quantity\":\"1\"}', 'false', '0', '', 'admin', NULL, '2023-03-08 11:32:41');
INSERT INTO `sys_oauth_client_details` VALUES (6, 'test', NULL, 'test', 'server', 'password,refresh_token', NULL, NULL, 43200, 2592001, '{ \"enc_flag\":\"1\",\"captcha_flag\":\"0\"}', 'true', '0', ' ', ' ', NULL, NULL);
INSERT INTO `sys_oauth_client_details` VALUES (7, 'social', NULL, 'social', 'server', 'password,refresh_token,mobile', NULL, NULL, 43200, 2592001, '{ \"enc_flag\":\"0\",\"captcha_flag\":\"0\"}', 'true', '0', ' ', ' ', NULL, NULL);
COMMIT;

-- ----------------------------
-- Table structure for sys_post
-- ----------------------------
DROP TABLE IF EXISTS `sys_post`;
CREATE TABLE `sys_post` (
  `post_id` bigint NOT NULL COMMENT 'еІ—дҪҚID',
  `post_code` varchar(64)  NOT NULL COMMENT 'еІ—дҪҚзј–з Ғ',
  `post_name` varchar(50)  NOT NULL COMMENT 'еІ—дҪҚеҗҚз§°',
  `post_sort` int NOT NULL COMMENT 'еІ—дҪҚжҺ’еәҸ',
  `remark` varchar(500)  DEFAULT NULL COMMENT 'еІ—дҪҚжҸҸиҝ°',
  `del_flag` char(1)  NOT NULL DEFAULT '0' COMMENT 'жҳҜеҗҰеҲ йҷӨ  -1пјҡе·ІеҲ йҷӨ  0пјҡжӯЈеёё',
  `create_time` datetime DEFAULT NULL COMMENT 'еҲӣе»әж—¶й—ҙ',
  `create_by` varchar(64)  NOT NULL DEFAULT '' COMMENT 'еҲӣе»әдәә',
  `update_time` datetime DEFAULT NULL COMMENT 'жӣҙж–°ж—¶й—ҙ',
  `update_by` varchar(64)  NOT NULL DEFAULT '' COMMENT 'жӣҙж–°дәә',
  PRIMARY KEY (`post_id`) USING BTREE
) ENGINE=InnoDB  COMMENT='еІ—дҪҚдҝЎжҒҜиЎЁ';

-- ----------------------------
-- Records of sys_post
-- ----------------------------
BEGIN;
INSERT INTO `sys_post` VALUES (1, 'CTO', 'CTO', 0, 'CTOOO', '0', '2022-03-26 13:48:17', '', '2023-03-08 16:03:35', 'admin');
COMMIT;

-- ----------------------------
-- Table structure for sys_public_param
-- ----------------------------
DROP TABLE IF EXISTS `sys_public_param`;
CREATE TABLE `sys_public_param` (
  `public_id` bigint NOT NULL COMMENT 'зј–еҸ·',
  `public_name` varchar(128)  DEFAULT NULL COMMENT 'еҗҚз§°',
  `public_key` varchar(128)  DEFAULT NULL COMMENT 'й”®',
  `public_value` varchar(128)  DEFAULT NULL COMMENT 'еҖј',
  `status` char(1)  DEFAULT '0' COMMENT 'зҠ¶жҖҒпјҢ0зҰҒз”ЁпјҢ1еҗҜз”Ё',
  `validate_code` varchar(64)  DEFAULT NULL COMMENT 'ж ЎйӘҢз Ғ',
  `create_by` varchar(64)  NOT NULL DEFAULT ' ' COMMENT 'еҲӣе»әдәә',
  `update_by` varchar(64)  NOT NULL DEFAULT ' ' COMMENT 'дҝ®ж”№дәә',
  `create_time` datetime NOT NULL DEFAULT CURRENT_TIMESTAMP COMMENT 'еҲӣе»әж—¶й—ҙ',
  `update_time` datetime DEFAULT NULL ON UPDATE CURRENT_TIMESTAMP COMMENT 'жӣҙж–°ж—¶й—ҙ',
  `public_type` char(1)  DEFAULT '0' COMMENT 'зұ»еһӢпјҢ0жңӘзҹҘпјҢ1зі»з»ҹпјҢ2дёҡеҠЎ',
  `system_flag` char(1)  DEFAULT '0' COMMENT 'зі»з»ҹж ҮиҜҶпјҢ0йқһзі»з»ҹпјҢ1зі»з»ҹ',
  `del_flag` char(1)  DEFAULT '0' COMMENT 'еҲ йҷӨж Үи®°пјҢ0жңӘеҲ йҷӨпјҢ1е·ІеҲ йҷӨ',
  PRIMARY KEY (`public_id`) USING BTREE
) ENGINE=InnoDB  COMMENT='е…¬е…ұеҸӮж•°й…ҚзҪ®иЎЁ';

-- ----------------------------
-- Records of sys_public_param
-- ----------------------------
BEGIN;
INSERT INTO `sys_public_param` VALUES (1, 'з§ҹжҲ·й»ҳи®ӨжқҘжәҗ', 'TENANT_DEFAULT_ID', '1', '0', '', ' ', ' ', '2020-05-12 04:03:46', '2020-06-20 08:56:30', '2', '0', '1');
INSERT INTO `sys_public_param` VALUES (2, 'з§ҹжҲ·й»ҳи®ӨйғЁй—ЁеҗҚз§°', 'TENANT_DEFAULT_DEPTNAME', 'з§ҹжҲ·й»ҳи®ӨйғЁй—Ё', '0', '', ' ', ' ', '2020-05-12 03:36:32', NULL, '2', '1', '0');
INSERT INTO `sys_public_param` VALUES (3, 'з§ҹжҲ·й»ҳи®ӨиҙҰжҲ·', 'TENANT_DEFAULT_USERNAME', 'admin', '0', '', ' ', ' ', '2020-05-12 04:05:04', NULL, '2', '1', '0');
INSERT INTO `sys_public_param` VALUES (4, 'з§ҹжҲ·й»ҳи®ӨеҜҶз Ғ', 'TENANT_DEFAULT_PASSWORD', '123456', '0', '', ' ', ' ', '2020-05-12 04:05:24', NULL, '2', '1', '0');
INSERT INTO `sys_public_param` VALUES (5, 'з§ҹжҲ·й»ҳи®Өи§’иүІзј–з Ғ', 'TENANT_DEFAULT_ROLECODE', 'ROLE_ADMIN', '0', '', ' ', ' ', '2020-05-12 04:05:57', NULL, '2', '1', '0');
INSERT INTO `sys_public_param` VALUES (6, 'з§ҹжҲ·й»ҳи®Өи§’иүІеҗҚз§°', 'TENANT_DEFAULT_ROLENAME', 'з§ҹжҲ·й»ҳи®Өи§’иүІ', '0', '', ' ', ' ', '2020-05-12 04:06:19', NULL, '2', '1', '0');
INSERT INTO `sys_public_param` VALUES (7, 'иЎЁеүҚзјҖ', 'GEN_TABLE_PREFIX', 'tb_', '0', '', ' ', ' ', '2020-05-12 04:23:04', NULL, '9', '1', '0');
INSERT INTO `sys_public_param` VALUES (8, 'жҺҘеҸЈж–ҮжЎЈдёҚжҳҫзӨәзҡ„еӯ—ж®ө', 'GEN_HIDDEN_COLUMNS', 'tenant_id', '0', '', ' ', ' ', '2020-05-12 04:25:19', NULL, '9', '1', '0');
INSERT INTO `sys_public_param` VALUES (9, 'жіЁеҶҢз”ЁжҲ·й»ҳи®Өи§’иүІ', 'USER_DEFAULT_ROLE', 'GENERAL_USER', '0', NULL, ' ', ' ', '2022-03-31 16:52:24', NULL, '2', '1', '0');
COMMIT;

-- ----------------------------
-- Table structure for sys_role
-- ----------------------------
DROP TABLE IF EXISTS `sys_role`;
CREATE TABLE `sys_role` (
  `role_id` bigint NOT NULL COMMENT 'и§’иүІID',
  `role_name` varchar(64)  DEFAULT NULL COMMENT 'и§’иүІеҗҚз§°',
  `role_code` varchar(64)  DEFAULT NULL COMMENT 'и§’иүІзј–з Ғ',
  `role_desc` varchar(255)  DEFAULT NULL COMMENT 'и§’иүІжҸҸиҝ°',
  `create_by` varchar(64)  NOT NULL DEFAULT ' ' COMMENT 'еҲӣе»әдәә',
  `update_by` varchar(64)  NOT NULL DEFAULT ' ' COMMENT 'дҝ®ж”№дәә',
  `create_time` datetime NOT NULL DEFAULT CURRENT_TIMESTAMP COMMENT 'еҲӣе»әж—¶й—ҙ',
  `update_time` datetime DEFAULT NULL ON UPDATE CURRENT_TIMESTAMP COMMENT 'жӣҙж–°ж—¶й—ҙ',
  `del_flag` char(1)  DEFAULT '0' COMMENT 'еҲ йҷӨж Үи®°пјҢ0жңӘеҲ йҷӨпјҢ1е·ІеҲ йҷӨ',
  PRIMARY KEY (`role_id`) USING BTREE,
  KEY `role_idx1_role_code` (`role_code`) USING BTREE
) ENGINE=InnoDB  COMMENT='зі»з»ҹи§’иүІиЎЁ';

-- ----------------------------
-- Records of sys_role
-- ----------------------------
BEGIN;
INSERT INTO `sys_role` VALUES (1, 'з®ЎзҗҶе‘ҳ', 'ROLE_ADMIN', 'з®ЎзҗҶе‘ҳ', '', 'admin', '2017-10-29 15:45:51', '2023-07-07 14:55:07', '0');
INSERT INTO `sys_role` VALUES (2, 'жҷ®йҖҡз”ЁжҲ·', 'GENERAL_USER', 'жҷ®йҖҡз”ЁжҲ·', '', 'admin', '2022-03-31 17:03:15', '2023-04-03 02:28:51', '0');
COMMIT;

-- ----------------------------
-- Table structure for sys_role_menu
-- ----------------------------
DROP TABLE IF EXISTS `sys_role_menu`;
CREATE TABLE `sys_role_menu` (
  `role_id` bigint NOT NULL COMMENT 'и§’иүІID',
  `menu_id` bigint NOT NULL COMMENT 'иҸңеҚ•ID',
  PRIMARY KEY (`role_id`,`menu_id`) USING BTREE
) ENGINE=InnoDB  COMMENT='и§’иүІиҸңеҚ•иЎЁ';

-- ----------------------------
-- Records of sys_role_menu
-- ----------------------------
BEGIN;
INSERT INTO `sys_role_menu` VALUES (1, 1000);
INSERT INTO `sys_role_menu` VALUES (1, 1100);
INSERT INTO `sys_role_menu` VALUES (1, 1101);
INSERT INTO `sys_role_menu` VALUES (1, 1102);
INSERT INTO `sys_role_menu` VALUES (1, 1103);
INSERT INTO `sys_role_menu` VALUES (1, 1104);
INSERT INTO `sys_role_menu` VALUES (1, 1200);
INSERT INTO `sys_role_menu` VALUES (1, 1201);
INSERT INTO `sys_role_menu` VALUES (1, 1202);
INSERT INTO `sys_role_menu` VALUES (1, 1203);
INSERT INTO `sys_role_menu` VALUES (1, 1300);
INSERT INTO `sys_role_menu` VALUES (1, 1301);
INSERT INTO `sys_role_menu` VALUES (1, 1302);
INSERT INTO `sys_role_menu` VALUES (1, 1303);
INSERT INTO `sys_role_menu` VALUES (1, 1304);
INSERT INTO `sys_role_menu` VALUES (1, 1305);
INSERT INTO `sys_role_menu` VALUES (1, 1400);
INSERT INTO `sys_role_menu` VALUES (1, 1401);
INSERT INTO `sys_role_menu` VALUES (1, 1402);
INSERT INTO `sys_role_menu` VALUES (1, 1403);
INSERT INTO `sys_role_menu` VALUES (1, 1600);
INSERT INTO `sys_role_menu` VALUES (1, 1601);
INSERT INTO `sys_role_menu` VALUES (1, 1602);
INSERT INTO `sys_role_menu` VALUES (1, 1603);
INSERT INTO `sys_role_menu` VALUES (1, 1604);
INSERT INTO `sys_role_menu` VALUES (1, 1605);
INSERT INTO `sys_role_menu` VALUES (1, 2000);
INSERT INTO `sys_role_menu` VALUES (1, 2001);
INSERT INTO `sys_role_menu` VALUES (1, 2100);
INSERT INTO `sys_role_menu` VALUES (1, 2101);
INSERT INTO `sys_role_menu` VALUES (1, 2102);
INSERT INTO `sys_role_menu` VALUES (1, 2200);
INSERT INTO `sys_role_menu` VALUES (1, 2201);
INSERT INTO `sys_role_menu` VALUES (1, 2202);
INSERT INTO `sys_role_menu` VALUES (1, 2203);
INSERT INTO `sys_role_menu` VALUES (1, 2210);
INSERT INTO `sys_role_menu` VALUES (1, 2211);
INSERT INTO `sys_role_menu` VALUES (1, 2212);
INSERT INTO `sys_role_menu` VALUES (1, 2213);
INSERT INTO `sys_role_menu` VALUES (1, 2300);
INSERT INTO `sys_role_menu` VALUES (1, 2400);
INSERT INTO `sys_role_menu` VALUES (1, 2401);
INSERT INTO `sys_role_menu` VALUES (1, 2402);
INSERT INTO `sys_role_menu` VALUES (1, 2403);
INSERT INTO `sys_role_menu` VALUES (1, 2600);
INSERT INTO `sys_role_menu` VALUES (1, 2601);
INSERT INTO `sys_role_menu` VALUES (1, 2800);
INSERT INTO `sys_role_menu` VALUES (1, 2810);
INSERT INTO `sys_role_menu` VALUES (1, 2820);
INSERT INTO `sys_role_menu` VALUES (1, 2830);
INSERT INTO `sys_role_menu` VALUES (1, 2840);
INSERT INTO `sys_role_menu` VALUES (1, 2850);
INSERT INTO `sys_role_menu` VALUES (1, 2860);
INSERT INTO `sys_role_menu` VALUES (1, 2870);
INSERT INTO `sys_role_menu` VALUES (1, 2871);
INSERT INTO `sys_role_menu` VALUES (1, 2906);
INSERT INTO `sys_role_menu` VALUES (1, 2907);
INSERT INTO `sys_role_menu` VALUES (1, 4000);
INSERT INTO `sys_role_menu` VALUES (1, 4001);
INSERT INTO `sys_role_menu` VALUES (1, 4002);
INSERT INTO `sys_role_menu` VALUES (1, 9000);
INSERT INTO `sys_role_menu` VALUES (1, 9005);
INSERT INTO `sys_role_menu` VALUES (1, 9006);
INSERT INTO `sys_role_menu` VALUES (1, 9007);
INSERT INTO `sys_role_menu` VALUES (1, 9050);
INSERT INTO `sys_role_menu` VALUES (1, 9051);
INSERT INTO `sys_role_menu` VALUES (1, 9052);
INSERT INTO `sys_role_menu` VALUES (1, 9053);
INSERT INTO `sys_role_menu` VALUES (1, 9054);
INSERT INTO `sys_role_menu` VALUES (1, 9055);
INSERT INTO `sys_role_menu` VALUES (1, 9056);
INSERT INTO `sys_role_menu` VALUES (1, 9057);
INSERT INTO `sys_role_menu` VALUES (1, 9059);
INSERT INTO `sys_role_menu` VALUES (1, 9060);
INSERT INTO `sys_role_menu` VALUES (1, 9061);
INSERT INTO `sys_role_menu` VALUES (1, 9062);
INSERT INTO `sys_role_menu` VALUES (1, 9063);
INSERT INTO `sys_role_menu` VALUES (1, 9064);
INSERT INTO `sys_role_menu` VALUES (1, 9065);
INSERT INTO `sys_role_menu` VALUES (2, 4000);
INSERT INTO `sys_role_menu` VALUES (2, 4001);
INSERT INTO `sys_role_menu` VALUES (2, 4002);
COMMIT;

-- ----------------------------
-- Table structure for sys_user
-- ----------------------------
DROP TABLE IF EXISTS `sys_user`;
CREATE TABLE `sys_user` (
  `user_id` bigint NOT NULL COMMENT 'з”ЁжҲ·ID',
  `username` varchar(64)  DEFAULT NULL COMMENT 'з”ЁжҲ·еҗҚ',
  `password` varchar(255)  DEFAULT NULL COMMENT 'еҜҶз Ғ',
  `salt` varchar(255)  DEFAULT NULL COMMENT 'зӣҗеҖј',
  `phone` varchar(20)  DEFAULT NULL COMMENT 'з”өиҜқеҸ·з Ғ',
  `avatar` varchar(255)  DEFAULT NULL COMMENT 'еӨҙеғҸ',
  `nickname` varchar(64)  DEFAULT NULL COMMENT 'жҳөз§°',
  `name` varchar(64)  DEFAULT NULL COMMENT 'е§“еҗҚ',
  `email` varchar(128)  DEFAULT NULL COMMENT 'йӮ®з®ұең°еқҖ',
  `dept_id` bigint DEFAULT NULL COMMENT 'жүҖеұһйғЁй—ЁID',
  `create_by` varchar(64)  NOT NULL DEFAULT ' ' COMMENT 'еҲӣе»әдәә',
  `update_by` varchar(64)  NOT NULL DEFAULT ' ' COMMENT 'дҝ®ж”№дәә',
  `create_time` datetime DEFAULT CURRENT_TIMESTAMP COMMENT 'еҲӣе»әж—¶й—ҙ',
  `update_time` datetime DEFAULT NULL ON UPDATE CURRENT_TIMESTAMP COMMENT 'дҝ®ж”№ж—¶й—ҙ',
  `lock_flag` char(1)  DEFAULT '0' COMMENT 'й”Ғе®ҡж Үи®°пјҢ0жңӘй”Ғе®ҡпјҢ9е·Ій”Ғе®ҡ',
  `del_flag` char(1)  DEFAULT '0' COMMENT 'еҲ йҷӨж Үи®°пјҢ0жңӘеҲ йҷӨпјҢ1е·ІеҲ йҷӨ',
  `wx_openid` varchar(32)  DEFAULT NULL COMMENT 'еҫ®дҝЎзҷ»еҪ•openId',
  `mini_openid` varchar(32)  DEFAULT NULL COMMENT 'е°ҸзЁӢеәҸopenId',
  `qq_openid` varchar(32)  DEFAULT NULL COMMENT 'QQ openId',
  `gitee_login` varchar(100)  DEFAULT NULL COMMENT 'з Ғдә‘ж ҮиҜҶ',
  `osc_id` varchar(100)  DEFAULT NULL COMMENT 'ејҖжәҗдёӯеӣҪж ҮиҜҶ',
  PRIMARY KEY (`user_id`) USING BTREE,
  KEY `user_wx_openid` (`wx_openid`) USING BTREE,
  KEY `user_qq_openid` (`qq_openid`) USING BTREE,
  KEY `user_idx1_username` (`username`) USING BTREE
) ENGINE=InnoDB  COMMENT='з”ЁжҲ·иЎЁ';

-- ----------------------------
-- Records of sys_user
-- ----------------------------
BEGIN;
INSERT INTO `sys_user` VALUES (1, 'admin', '$2a$10$c/Ae0pRjJtMZg3BnvVpO.eIK6WYWVbKTzqgdy3afR7w.vd.xi3Mgy', '', '17034642999', '/admin/sys-file/s3demo/7ff4ca6b7bf446f3a5a13ac016dc21af.png', 'з®ЎзҗҶе‘ҳ', 'з®ЎзҗҶе‘ҳ', 'pig4cloud@qq.com', 4, ' ', 'admin', '2018-04-20 07:15:18', '2023-07-07 14:55:40', '0', '0', NULL, 'oBxPy5E-v82xWGsfzZVzkD3wEX64', NULL, 'log4j', NULL);
COMMIT;

-- ----------------------------
-- Table structure for sys_user_post
-- ----------------------------
DROP TABLE IF EXISTS `sys_user_post`;
CREATE TABLE `sys_user_post` (
  `user_id` bigint NOT NULL COMMENT 'з”ЁжҲ·ID',
  `post_id` bigint NOT NULL COMMENT 'еІ—дҪҚID',
  PRIMARY KEY (`user_id`,`post_id`) USING BTREE
) ENGINE=InnoDB  ROW_FORMAT=DYNAMIC COMMENT='з”ЁжҲ·дёҺеІ—дҪҚе…іиҒ”иЎЁ';

-- ----------------------------
-- Records of sys_user_post
-- ----------------------------
BEGIN;
INSERT INTO `sys_user_post` VALUES (1, 1);
COMMIT;

-- ----------------------------
-- Table structure for sys_user_role
-- ----------------------------
DROP TABLE IF EXISTS `sys_user_role`;
CREATE TABLE `sys_user_role` (
  `user_id` bigint NOT NULL COMMENT 'з”ЁжҲ·ID',
  `role_id` bigint NOT NULL COMMENT 'и§’иүІID',
  PRIMARY KEY (`user_id`,`role_id`) USING BTREE
) ENGINE=InnoDB  COMMENT='з”ЁжҲ·и§’иүІиЎЁ';

-- ----------------------------
-- Records of sys_user_role
-- ----------------------------
BEGIN;
INSERT INTO `sys_user_role` VALUES (1, 1);
INSERT INTO `sys_user_role` VALUES (1676492190299299842, 2);
COMMIT;

-- ----------------------------
-- Table structure for sys_job
-- ----------------------------
DROP TABLE IF EXISTS `sys_job`;
CREATE TABLE `sys_job` (
                           `job_id` bigint NOT NULL COMMENT 'д»»еҠЎid',
                           `job_name` varchar(64) NOT NULL COMMENT 'д»»еҠЎеҗҚз§°',
                           `job_group` varchar(64) NOT NULL COMMENT 'д»»еҠЎз»„еҗҚ',
                           `job_order` char(1) DEFAULT '1' COMMENT 'з»„еҶ…жү§иЎҢйЎәеҲ©пјҢеҖји¶ҠеӨ§жү§иЎҢдјҳе…Ҳзә§и¶Ҡй«ҳпјҢжңҖеӨ§еҖј9пјҢжңҖе°ҸеҖј1',
                           `job_type` char(1) NOT NULL DEFAULT '1' COMMENT '1гҖҒjavaзұ»;2гҖҒspring beanеҗҚз§°;3гҖҒrestи°ғз”Ё;4гҖҒjarи°ғз”Ё;9е…¶д»–',
                           `execute_path` varchar(500) DEFAULT NULL COMMENT 'job_type=3ж—¶пјҢrestи°ғз”Ёең°еқҖпјҢд»…ж”ҜжҢҒrest getеҚҸи®®,йңҖиҰҒеўһеҠ Stringиҝ”еӣһеҖјпјҢ0жҲҗеҠҹпјҢ1еӨұиҙҘ;job_type=4ж—¶пјҢjarи·Ҝеҫ„;е…¶е®ғеҖјдёәз©ә',
                           `class_name` varchar(500) DEFAULT NULL COMMENT 'job_type=1ж—¶пјҢзұ»е®Ңж•ҙи·Ҝеҫ„;job_type=2ж—¶пјҢspring beanеҗҚз§°;е…¶е®ғеҖјдёәз©ә',
                           `method_name` varchar(500) DEFAULT NULL COMMENT 'д»»еҠЎж–№жі•',
                           `method_params_value` varchar(2000) DEFAULT NULL COMMENT 'еҸӮж•°еҖј',
                           `cron_expression` varchar(255) DEFAULT NULL COMMENT 'cronжү§иЎҢиЎЁиҫҫејҸ',
                           `misfire_policy` varchar(20) DEFAULT '3' COMMENT 'й”ҷеӨұжү§иЎҢзӯ–з•ҘпјҲ1й”ҷеӨұе‘Ёжңҹз«ӢеҚіжү§иЎҢ 2й”ҷеӨұе‘Ёжңҹжү§иЎҢдёҖж¬Ў 3дёӢе‘Ёжңҹжү§иЎҢпјү',
                           `job_tenant_type` char(1) DEFAULT '1' COMMENT '1гҖҒеӨҡз§ҹжҲ·д»»еҠЎ;2гҖҒйқһеӨҡз§ҹжҲ·д»»еҠЎ',
                           `job_status` char(1) DEFAULT '0' COMMENT 'зҠ¶жҖҒпјҲ1гҖҒжңӘеҸ‘еёғ;2гҖҒиҝҗиЎҢдёӯ;3гҖҒжҡӮеҒң;4гҖҒеҲ йҷӨ;пјү',
                           `job_execute_status` char(1) DEFAULT '0' COMMENT 'зҠ¶жҖҒпјҲ0жӯЈеёё 1ејӮеёёпјү',
                           `create_by` varchar(64) DEFAULT NULL COMMENT 'еҲӣе»әиҖ…',
                           `create_time` datetime NOT NULL DEFAULT CURRENT_TIMESTAMP COMMENT 'еҲӣе»әж—¶й—ҙ',
                           `update_by` varchar(64) DEFAULT '' COMMENT 'жӣҙж–°иҖ…',
                           `update_time` datetime NOT NULL DEFAULT CURRENT_TIMESTAMP COMMENT 'жӣҙж–°ж—¶й—ҙ',
                           `start_time` timestamp NULL DEFAULT NULL COMMENT 'еҲқж¬Ўжү§иЎҢж—¶й—ҙ',
                           `previous_time` timestamp NULL DEFAULT NULL COMMENT 'дёҠж¬Ўжү§иЎҢж—¶й—ҙ',
                           `next_time` timestamp NULL DEFAULT NULL COMMENT 'дёӢж¬Ўжү§иЎҢж—¶й—ҙ',
                           `remark` varchar(500) DEFAULT '' COMMENT 'еӨҮжіЁдҝЎжҒҜ',
                           PRIMARY KEY (`job_id`) USING BTREE,
                           UNIQUE KEY `job_name_group_idx` (`job_name`,`job_group`) USING BTREE
) ENGINE=InnoDB  COMMENT='е®ҡж—¶д»»еҠЎи°ғеәҰиЎЁ';

-- ----------------------------
DROP TABLE IF EXISTS `sys_job_log`;
CREATE TABLE `sys_job_log` (
                               `job_log_id` bigint NOT NULL COMMENT 'д»»еҠЎж—Ҙеҝ—ID',
                               `job_id` bigint NOT NULL COMMENT 'д»»еҠЎid',
                               `job_name` varchar(64)  DEFAULT NULL COMMENT 'д»»еҠЎеҗҚз§°',
                               `job_group` varchar(64)  DEFAULT NULL COMMENT 'д»»еҠЎз»„еҗҚ',
                               `job_order` char(1)  DEFAULT NULL COMMENT 'з»„еҶ…жү§иЎҢйЎәеҲ©пјҢеҖји¶ҠеӨ§жү§иЎҢдјҳе…Ҳзә§и¶Ҡй«ҳпјҢжңҖеӨ§еҖј9пјҢжңҖе°ҸеҖј1',
                               `job_type` char(1)  NOT NULL DEFAULT '1' COMMENT '1гҖҒjavaзұ»;2гҖҒspring beanеҗҚз§°;3гҖҒrestи°ғз”Ё;4гҖҒjarи°ғз”Ё;9е…¶д»–',
                               `execute_path` varchar(500)  DEFAULT NULL COMMENT 'job_type=3ж—¶пјҢrestи°ғз”Ёең°еқҖпјҢд»…ж”ҜжҢҒpostеҚҸи®®;job_type=4ж—¶пјҢjarи·Ҝеҫ„;е…¶е®ғеҖјдёәз©ә',
                               `class_name` varchar(500)  DEFAULT NULL COMMENT 'job_type=1ж—¶пјҢзұ»е®Ңж•ҙи·Ҝеҫ„;job_type=2ж—¶пјҢspring beanеҗҚз§°;е…¶е®ғеҖјдёәз©ә',
                               `method_name` varchar(500)  DEFAULT NULL COMMENT 'д»»еҠЎж–№жі•',
                               `method_params_value` varchar(2000)  DEFAULT NULL COMMENT 'еҸӮж•°еҖј',
                               `cron_expression` varchar(255)  DEFAULT NULL COMMENT 'cronжү§иЎҢиЎЁиҫҫејҸ',
                               `job_message` varchar(500)  DEFAULT NULL COMMENT 'ж—Ҙеҝ—дҝЎжҒҜ',
                               `job_log_status` char(1)  DEFAULT '0' COMMENT 'жү§иЎҢзҠ¶жҖҒпјҲ0жӯЈеёё 1еӨұиҙҘпјү',
                               `execute_time` varchar(30)  DEFAULT NULL COMMENT 'жү§иЎҢж—¶й—ҙ',
                               `exception_info` varchar(2000)  DEFAULT '' COMMENT 'ејӮеёёдҝЎжҒҜ',
                               `create_time` datetime NOT NULL DEFAULT CURRENT_TIMESTAMP COMMENT 'еҲӣе»әж—¶й—ҙ',
                               PRIMARY KEY (`job_log_id`) USING BTREE
) ENGINE=InnoDB  COMMENT='е®ҡж—¶д»»еҠЎжү§иЎҢж—Ҙеҝ—иЎЁ';


#
# Quartz seems to work best with the driver mm.mysql-2.0.7-bin.jar
#
# PLEASE consider using mysql with innodb tables to avoid locking issues
#
# In your Quartz properties file, you'll need to set
# org.quartz.jobStore.driverDelegateClass = org.quartz.impl.jdbcjobstore.StdJDBCDelegate
#

DROP TABLE IF EXISTS QRTZ_FIRED_TRIGGERS;
DROP TABLE IF EXISTS QRTZ_PAUSED_TRIGGER_GRPS;
DROP TABLE IF EXISTS QRTZ_SCHEDULER_STATE;
DROP TABLE IF EXISTS QRTZ_LOCKS;
DROP TABLE IF EXISTS QRTZ_SIMPLE_TRIGGERS;
DROP TABLE IF EXISTS QRTZ_SIMPROP_TRIGGERS;
DROP TABLE IF EXISTS QRTZ_CRON_TRIGGERS;
DROP TABLE IF EXISTS QRTZ_BLOB_TRIGGERS;
DROP TABLE IF EXISTS QRTZ_TRIGGERS;
DROP TABLE IF EXISTS QRTZ_JOB_DETAILS;
DROP TABLE IF EXISTS QRTZ_CALENDARS;


CREATE TABLE QRTZ_JOB_DETAILS
  (
    SCHED_NAME VARCHAR(120) NOT NULL,
    JOB_NAME  VARCHAR(200) NOT NULL,
    JOB_GROUP VARCHAR(200) NOT NULL,
    DESCRIPTION VARCHAR(250) NULL,
    JOB_CLASS_NAME   VARCHAR(250) NOT NULL,
    IS_DURABLE VARCHAR(1) NOT NULL,
    IS_NONCONCURRENT VARCHAR(1) NOT NULL,
    IS_UPDATE_DATA VARCHAR(1) NOT NULL,
    REQUESTS_RECOVERY VARCHAR(1) NOT NULL,
    JOB_DATA BLOB NULL,
    PRIMARY KEY (SCHED_NAME,JOB_NAME,JOB_GROUP)
);

CREATE TABLE QRTZ_TRIGGERS
  (
    SCHED_NAME VARCHAR(120) NOT NULL,
    TRIGGER_NAME VARCHAR(200) NOT NULL,
    TRIGGER_GROUP VARCHAR(200) NOT NULL,
    JOB_NAME  VARCHAR(200) NOT NULL,
    JOB_GROUP VARCHAR(200) NOT NULL,
    DESCRIPTION VARCHAR(250) NULL,
    NEXT_FIRE_TIME BIGINT(13) NULL,
    PREV_FIRE_TIME BIGINT(13) NULL,
    PRIORITY INTEGER NULL,
    TRIGGER_STATE VARCHAR(16) NOT NULL,
    TRIGGER_TYPE VARCHAR(8) NOT NULL,
    START_TIME BIGINT(13) NOT NULL,
    END_TIME BIGINT(13) NULL,
    CALENDAR_NAME VARCHAR(200) NULL,
    MISFIRE_INSTR SMALLINT(2) NULL,
    JOB_DATA BLOB NULL,
    PRIMARY KEY (SCHED_NAME,TRIGGER_NAME,TRIGGER_GROUP),
    FOREIGN KEY (SCHED_NAME,JOB_NAME,JOB_GROUP)
        REFERENCES QRTZ_JOB_DETAILS(SCHED_NAME,JOB_NAME,JOB_GROUP)
);

CREATE TABLE QRTZ_SIMPLE_TRIGGERS
  (
    SCHED_NAME VARCHAR(120) NOT NULL,
    TRIGGER_NAME VARCHAR(200) NOT NULL,
    TRIGGER_GROUP VARCHAR(200) NOT NULL,
    REPEAT_COUNT BIGINT(7) NOT NULL,
    REPEAT_INTERVAL BIGINT(12) NOT NULL,
    TIMES_TRIGGERED BIGINT(10) NOT NULL,
    PRIMARY KEY (SCHED_NAME,TRIGGER_NAME,TRIGGER_GROUP),
    FOREIGN KEY (SCHED_NAME,TRIGGER_NAME,TRIGGER_GROUP)
        REFERENCES QRTZ_TRIGGERS(SCHED_NAME,TRIGGER_NAME,TRIGGER_GROUP)
);

CREATE TABLE QRTZ_CRON_TRIGGERS
  (
    SCHED_NAME VARCHAR(120) NOT NULL,
    TRIGGER_NAME VARCHAR(200) NOT NULL,
    TRIGGER_GROUP VARCHAR(200) NOT NULL,
    CRON_EXPRESSION VARCHAR(200) NOT NULL,
    TIME_ZONE_ID VARCHAR(80),
    PRIMARY KEY (SCHED_NAME,TRIGGER_NAME,TRIGGER_GROUP),
    FOREIGN KEY (SCHED_NAME,TRIGGER_NAME,TRIGGER_GROUP)
        REFERENCES QRTZ_TRIGGERS(SCHED_NAME,TRIGGER_NAME,TRIGGER_GROUP)
);

CREATE TABLE QRTZ_SIMPROP_TRIGGERS
  (
    SCHED_NAME VARCHAR(120) NOT NULL,
    TRIGGER_NAME VARCHAR(200) NOT NULL,
    TRIGGER_GROUP VARCHAR(200) NOT NULL,
    STR_PROP_1 VARCHAR(512) NULL,
    STR_PROP_2 VARCHAR(512) NULL,
    STR_PROP_3 VARCHAR(512) NULL,
    INT_PROP_1 INT NULL,
    INT_PROP_2 INT NULL,
    LONG_PROP_1 BIGINT NULL,
    LONG_PROP_2 BIGINT NULL,
    DEC_PROP_1 NUMERIC(13,4) NULL,
    DEC_PROP_2 NUMERIC(13,4) NULL,
    BOOL_PROP_1 VARCHAR(1) NULL,
    BOOL_PROP_2 VARCHAR(1) NULL,
    PRIMARY KEY (SCHED_NAME,TRIGGER_NAME,TRIGGER_GROUP),
    FOREIGN KEY (SCHED_NAME,TRIGGER_NAME,TRIGGER_GROUP)
    REFERENCES QRTZ_TRIGGERS(SCHED_NAME,TRIGGER_NAME,TRIGGER_GROUP)
);

CREATE TABLE QRTZ_BLOB_TRIGGERS
  (
    SCHED_NAME VARCHAR(120) NOT NULL,
    TRIGGER_NAME VARCHAR(200) NOT NULL,
    TRIGGER_GROUP VARCHAR(200) NOT NULL,
    BLOB_DATA BLOB NULL,
    PRIMARY KEY (SCHED_NAME,TRIGGER_NAME,TRIGGER_GROUP),
    FOREIGN KEY (SCHED_NAME,TRIGGER_NAME,TRIGGER_GROUP)
        REFERENCES QRTZ_TRIGGERS(SCHED_NAME,TRIGGER_NAME,TRIGGER_GROUP)
);

CREATE TABLE QRTZ_CALENDARS
  (
    SCHED_NAME VARCHAR(120) NOT NULL,
    CALENDAR_NAME  VARCHAR(200) NOT NULL,
    CALENDAR BLOB NOT NULL,
    PRIMARY KEY (SCHED_NAME,CALENDAR_NAME)
);

CREATE TABLE QRTZ_PAUSED_TRIGGER_GRPS
  (
    SCHED_NAME VARCHAR(120) NOT NULL,
    TRIGGER_GROUP  VARCHAR(200) NOT NULL,
    PRIMARY KEY (SCHED_NAME,TRIGGER_GROUP)
);

CREATE TABLE QRTZ_FIRED_TRIGGERS
  (
    SCHED_NAME VARCHAR(120) NOT NULL,
    ENTRY_ID VARCHAR(95) NOT NULL,
    TRIGGER_NAME VARCHAR(200) NOT NULL,
    TRIGGER_GROUP VARCHAR(200) NOT NULL,
    INSTANCE_NAME VARCHAR(200) NOT NULL,
    FIRED_TIME BIGINT(13) NOT NULL,
    SCHED_TIME BIGINT(13) NOT NULL,
    PRIORITY INTEGER NOT NULL,
    STATE VARCHAR(16) NOT NULL,
    JOB_NAME VARCHAR(200) NULL,
    JOB_GROUP VARCHAR(200) NULL,
    IS_NONCONCURRENT VARCHAR(1) NULL,
    REQUESTS_RECOVERY VARCHAR(1) NULL,
    PRIMARY KEY (SCHED_NAME,ENTRY_ID)
);

CREATE TABLE QRTZ_SCHEDULER_STATE
  (
    SCHED_NAME VARCHAR(120) NOT NULL,
    INSTANCE_NAME VARCHAR(200) NOT NULL,
    LAST_CHECKIN_TIME BIGINT(13) NOT NULL,
    CHECKIN_INTERVAL BIGINT(13) NOT NULL,
    PRIMARY KEY (SCHED_NAME,INSTANCE_NAME)
);

CREATE TABLE QRTZ_LOCKS
  (
    SCHED_NAME VARCHAR(120) NOT NULL,
    LOCK_NAME  VARCHAR(40) NOT NULL,
    PRIMARY KEY (SCHED_NAME,LOCK_NAME)
);

-- ----------------------------
-- Table structure for gen_datasource_conf
-- ----------------------------
DROP TABLE IF EXISTS `gen_datasource_conf`;
CREATE TABLE `gen_datasource_conf` (
  `id` bigint NOT NULL COMMENT 'дё»й”®',
  `name` varchar(64)  DEFAULT NULL COMMENT 'еҲ«еҗҚ',
  `url` varchar(255)  DEFAULT NULL COMMENT 'jdbcurl',
  `username` varchar(64)  DEFAULT NULL COMMENT 'з”ЁжҲ·еҗҚ',
  `password` varchar(64)  DEFAULT NULL COMMENT 'еҜҶз Ғ',
  `create_time` datetime DEFAULT CURRENT_TIMESTAMP COMMENT 'еҲӣе»әж—¶й—ҙ',
  `update_time` datetime DEFAULT CURRENT_TIMESTAMP ON UPDATE CURRENT_TIMESTAMP COMMENT 'жӣҙж–°',
  `del_flag` char(1)  DEFAULT '0' COMMENT 'еҲ йҷӨж Үи®°',
  `ds_type` varchar(64)  DEFAULT NULL COMMENT 'ж•°жҚ®еә“зұ»еһӢ',
  `conf_type` char(1)  DEFAULT NULL COMMENT 'й…ҚзҪ®зұ»еһӢ',
  `ds_name` varchar(64)  DEFAULT NULL COMMENT 'ж•°жҚ®еә“еҗҚз§°',
  `instance` varchar(64)  DEFAULT NULL COMMENT 'е®һдҫӢ',
  `port` int DEFAULT NULL COMMENT 'з«ҜеҸЈ',
  `host` varchar(128)  DEFAULT NULL COMMENT 'дё»жңә',
  PRIMARY KEY (`id`) USING BTREE
) ENGINE=InnoDB  COMMENT='ж•°жҚ®жәҗиЎЁ';

-- ----------------------------
-- Records of gen_datasource_conf
-- ----------------------------
BEGIN;
COMMIT;

-- ----------------------------
-- Table structure for gen_field_type
-- ----------------------------
DROP TABLE IF EXISTS `gen_field_type`;
CREATE TABLE `gen_field_type` (
  `id` bigint NOT NULL COMMENT 'дё»й”®',
  `column_type` varchar(200)  DEFAULT NULL COMMENT 'еӯ—ж®өзұ»еһӢ',
  `attr_type` varchar(200)  DEFAULT NULL COMMENT 'еұһжҖ§зұ»еһӢ',
  `package_name` varchar(200)  DEFAULT NULL COMMENT 'еұһжҖ§еҢ…еҗҚ',
  `create_time` datetime DEFAULT NULL COMMENT 'еҲӣе»әж—¶й—ҙ',
  `create_by` varchar(64)  DEFAULT NULL COMMENT 'еҲӣе»әдәә',
  `update_time` datetime DEFAULT NULL COMMENT 'дҝ®ж”№ж—¶й—ҙ',
  `update_by` varchar(64)  DEFAULT NULL COMMENT 'дҝ®ж”№дәә',
  `del_flag` char(1)  DEFAULT '0' COMMENT 'еҲ йҷӨж Үи®°',
  PRIMARY KEY (`id`),
  UNIQUE KEY `column_type` (`column_type`)
) ENGINE=InnoDB AUTO_INCREMENT=1634915190321451010  COMMENT='еӯ—ж®өзұ»еһӢз®ЎзҗҶ';

-- ----------------------------
-- Records of gen_field_type
-- ----------------------------
BEGIN;
INSERT INTO `gen_field_type` VALUES (1, 'datetime', 'LocalDateTime', 'java.time.LocalDateTime', '2023-02-06 08:45:10', NULL, NULL, NULL, '0');
INSERT INTO `gen_field_type` VALUES (2, 'date', 'LocalDate', 'java.time.LocalDate', '2023-02-06 08:45:10', NULL, NULL, NULL, '0');
INSERT INTO `gen_field_type` VALUES (3, 'tinyint', 'Integer', NULL, '2023-02-06 08:45:11', NULL, NULL, NULL, '0');
INSERT INTO `gen_field_type` VALUES (4, 'smallint', 'Integer', NULL, '2023-02-06 08:45:11', NULL, NULL, NULL, '0');
INSERT INTO `gen_field_type` VALUES (5, 'mediumint', 'Integer', NULL, '2023-02-06 08:45:11', NULL, NULL, NULL, '0');
INSERT INTO `gen_field_type` VALUES (6, 'int', 'Integer', NULL, '2023-02-06 08:45:11', NULL, NULL, NULL, '0');
INSERT INTO `gen_field_type` VALUES (7, 'integer', 'Integer', NULL, '2023-02-06 08:45:11', NULL, NULL, NULL, '0');
INSERT INTO `gen_field_type` VALUES (8, 'bigint', 'Long', NULL, '2023-02-06 08:45:11', NULL, NULL, NULL, '0');
INSERT INTO `gen_field_type` VALUES (9, 'float', 'Float', NULL, '2023-02-06 08:45:11', NULL, NULL, NULL, '0');
INSERT INTO `gen_field_type` VALUES (10, 'double', 'Double', NULL, '2023-02-06 08:45:11', NULL, NULL, NULL, '0');
INSERT INTO `gen_field_type` VALUES (11, 'decimal', 'BigDecimal', 'java.math.BigDecimal', '2023-02-06 08:45:11', NULL, NULL, NULL, '0');
INSERT INTO `gen_field_type` VALUES (12, 'bit', 'Boolean', NULL, '2023-02-06 08:45:11', NULL, NULL, NULL, '0');
INSERT INTO `gen_field_type` VALUES (13, 'char', 'String', NULL, '2023-02-06 08:45:11', NULL, NULL, NULL, '0');
INSERT INTO `gen_field_type` VALUES (14, 'varchar', 'String', NULL, '2023-02-06 08:45:11', NULL, NULL, NULL, '0');
INSERT INTO `gen_field_type` VALUES (15, 'tinytext', 'String', NULL, '2023-02-06 08:45:11', NULL, NULL, NULL, '0');
INSERT INTO `gen_field_type` VALUES (16, 'text', 'String', NULL, '2023-02-06 08:45:11', NULL, NULL, NULL, '0');
INSERT INTO `gen_field_type` VALUES (17, 'mediumtext', 'String', NULL, '2023-02-06 08:45:11', NULL, NULL, NULL, '0');
INSERT INTO `gen_field_type` VALUES (18, 'longtext', 'String', NULL, '2023-02-06 08:45:11', NULL, NULL, NULL, '0');
INSERT INTO `gen_field_type` VALUES (19, 'timestamp', 'LocalDateTime', 'java.time.LocalDateTime', '2023-02-06 08:45:11', NULL, NULL, NULL, '0');
INSERT INTO `gen_field_type` VALUES (20, 'NUMBER', 'Integer', NULL, '2023-02-06 08:45:11', NULL, NULL, NULL, '0');
INSERT INTO `gen_field_type` VALUES (21, 'BINARY_INTEGER', 'Integer', NULL, '2023-02-06 08:45:12', NULL, NULL, NULL, '0');
INSERT INTO `gen_field_type` VALUES (22, 'BINARY_FLOAT', 'Float', NULL, '2023-02-06 08:45:12', NULL, NULL, NULL, '0');
INSERT INTO `gen_field_type` VALUES (23, 'BINARY_DOUBLE', 'Double', NULL, '2023-02-06 08:45:12', NULL, NULL, NULL, '0');
INSERT INTO `gen_field_type` VALUES (24, 'VARCHAR2', 'String', NULL, '2023-02-06 08:45:12', NULL, NULL, NULL, '0');
INSERT INTO `gen_field_type` VALUES (25, 'NVARCHAR', 'String', NULL, '2023-02-06 08:45:12', NULL, NULL, NULL, '0');
INSERT INTO `gen_field_type` VALUES (26, 'NVARCHAR2', 'String', NULL, '2023-02-06 08:45:12', NULL, NULL, NULL, '0');
INSERT INTO `gen_field_type` VALUES (27, 'CLOB', 'String', NULL, '2023-02-06 08:45:12', NULL, NULL, NULL, '0');
INSERT INTO `gen_field_type` VALUES (28, 'int8', 'Long', NULL, '2023-02-06 08:45:12', NULL, NULL, NULL, '0');
INSERT INTO `gen_field_type` VALUES (29, 'int4', 'Integer', NULL, '2023-02-06 08:45:12', NULL, NULL, NULL, '0');
INSERT INTO `gen_field_type` VALUES (30, 'int2', 'Integer', NULL, '2023-02-06 08:45:12', NULL, NULL, NULL, '0');
INSERT INTO `gen_field_type` VALUES (31, 'numeric', 'BigDecimal', 'java.math.BigDecimal', '2023-02-06 08:45:12', NULL, NULL, NULL, '0');
INSERT INTO `gen_field_type` VALUES (32, 'json', 'String', NULL, '2023-02-06 08:45:12', NULL, NULL, NULL, '0');
COMMIT;

-- ----------------------------
-- Table structure for gen_group
-- ----------------------------
DROP TABLE IF EXISTS `gen_group`;
CREATE TABLE `gen_group` (
  `id` bigint NOT NULL,
  `group_name` varchar(255)  DEFAULT NULL COMMENT 'еҲҶз»„еҗҚз§°',
  `group_desc` varchar(255)  DEFAULT NULL COMMENT 'еҲҶз»„жҸҸиҝ°',
  `create_by` varchar(64)  NOT NULL DEFAULT ' ' COMMENT 'еҲӣе»әдәә',
  `update_by` varchar(64)  NOT NULL DEFAULT ' ' COMMENT 'дҝ®ж”№дәә',
  `create_time` datetime DEFAULT NULL COMMENT 'еҲӣе»әдәә',
  `update_time` datetime DEFAULT NULL COMMENT 'дҝ®ж”№дәә',
  `del_flag` char(1)  DEFAULT '0' COMMENT 'еҲ йҷӨж Үи®°',
  PRIMARY KEY (`id`)
) ENGINE=InnoDB  COMMENT='жЁЎжқҝеҲҶз»„';


-- ----------------------------
-- Table structure for gen_table
-- ----------------------------
DROP TABLE IF EXISTS `gen_table`;
CREATE TABLE `gen_table` (
  `id` bigint NOT NULL,
  `table_name` varchar(200)  DEFAULT NULL COMMENT 'иЎЁеҗҚ',
  `class_name` varchar(200)  DEFAULT NULL COMMENT 'зұ»еҗҚ',
  `db_type` varchar(200)  DEFAULT NULL COMMENT 'ж•°жҚ®еә“зұ»еһӢ',
  `table_comment` varchar(200)  DEFAULT NULL COMMENT 'иҜҙжҳҺ',
  `author` varchar(200)  DEFAULT NULL COMMENT 'дҪңиҖ…',
  `email` varchar(200)  DEFAULT NULL COMMENT 'йӮ®з®ұ',
  `package_name` varchar(200)  DEFAULT NULL COMMENT 'йЎ№зӣ®еҢ…еҗҚ',
  `version` varchar(200)  DEFAULT NULL COMMENT 'йЎ№зӣ®зүҲжң¬еҸ·',
  `i18n` char(1)  DEFAULT '0' COMMENT 'жҳҜеҗҰз”ҹжҲҗеёҰжңүi18n 0 дёҚеёҰжңү 1еёҰжңү',
  `style`  bigint DEFAULT NULL COMMENT 'д»Јз ҒйЈҺж ј',
  `child_table_name` varchar(200)  DEFAULT NULL COMMENT 'еӯҗиЎЁеҗҚз§°',
  `main_field` varchar(200)  DEFAULT NULL COMMENT 'дё»иЎЁе…іиҒ”й”®',
  `child_field` varchar(200)  DEFAULT NULL COMMENT 'еӯҗиЎЁе…іиҒ”й”®',
  `generator_type` char(1)  DEFAULT '0' COMMENT 'з”ҹжҲҗж–№ејҸ  0пјҡzipеҺӢзј©еҢ…   1пјҡиҮӘе®ҡд№үзӣ®еҪ•',
  `backend_path` varchar(500)  DEFAULT NULL COMMENT 'еҗҺз«Ҝз”ҹжҲҗи·Ҝеҫ„',
  `frontend_path` varchar(500)  DEFAULT NULL COMMENT 'еүҚз«Ҝз”ҹжҲҗи·Ҝеҫ„',
  `module_name` varchar(200)  DEFAULT NULL COMMENT 'жЁЎеқ—еҗҚ',
  `function_name` varchar(200)  DEFAULT NULL COMMENT 'еҠҹиғҪеҗҚ',
  `form_layout` tinyint DEFAULT NULL COMMENT 'иЎЁеҚ•еёғеұҖ  1пјҡдёҖеҲ—   2пјҡдёӨеҲ—',
  `ds_name` varchar(200)  DEFAULT NULL COMMENT 'ж•°жҚ®жәҗID',
  `baseclass_id` bigint DEFAULT NULL COMMENT 'еҹәзұ»ID',
  `create_time` datetime DEFAULT NULL COMMENT 'еҲӣе»әж—¶й—ҙ',
  PRIMARY KEY (`id`),
  UNIQUE KEY `table_name` (`table_name`,`ds_name`) USING BTREE
) ENGINE=InnoDB  COMMENT='д»Јз Ғз”ҹжҲҗиЎЁ';

-- ----------------------------
-- Records of gen_table
-- ----------------------------
BEGIN;
COMMIT;

-- ----------------------------
-- Table structure for gen_table_column
-- ----------------------------
DROP TABLE IF EXISTS `gen_table_column`;
CREATE TABLE `gen_table_column` (
  `id` bigint NOT NULL,
  `ds_name` varchar(200)  DEFAULT NULL COMMENT 'ж•°жҚ®жәҗеҗҚз§°',
  `table_name` varchar(200)  DEFAULT NULL COMMENT 'иЎЁеҗҚз§°',
  `field_name` varchar(200)  DEFAULT NULL COMMENT 'еӯ—ж®өеҗҚз§°',
  `field_type` varchar(200)  DEFAULT NULL COMMENT 'еӯ—ж®өзұ»еһӢ',
  `field_comment` varchar(200)  DEFAULT NULL COMMENT 'еӯ—ж®өиҜҙжҳҺ',
  `attr_name` varchar(200)  DEFAULT NULL COMMENT 'еұһжҖ§еҗҚ',
  `attr_type` varchar(200)  DEFAULT NULL COMMENT 'еұһжҖ§зұ»еһӢ',
  `package_name` varchar(200)  DEFAULT NULL COMMENT 'еұһжҖ§еҢ…еҗҚ',
  `sort` int DEFAULT NULL COMMENT 'жҺ’еәҸ',
  `auto_fill` varchar(20)  DEFAULT NULL COMMENT 'иҮӘеҠЁеЎ«е……  DEFAULTгҖҒINSERTгҖҒUPDATEгҖҒINSERT_UPDATE',
  `primary_pk` char(1)  DEFAULT '0' COMMENT 'дё»й”® 0пјҡеҗҰ  1пјҡжҳҜ',
  `base_field` char(1)  DEFAULT '0' COMMENT 'еҹәзұ»еӯ—ж®ө 0пјҡеҗҰ  1пјҡжҳҜ',
  `form_item` char(1)  DEFAULT '0' COMMENT 'иЎЁеҚ•йЎ№ 0пјҡеҗҰ  1пјҡжҳҜ',
  `form_required` char(1)  DEFAULT '0' COMMENT 'иЎЁеҚ•еҝ…еЎ« 0пјҡеҗҰ  1пјҡжҳҜ',
  `form_type` varchar(200)  DEFAULT NULL COMMENT 'иЎЁеҚ•зұ»еһӢ',
  `form_validator` varchar(200)  DEFAULT NULL COMMENT 'иЎЁеҚ•ж•ҲйӘҢ',
  `grid_item` char(1)  DEFAULT '0' COMMENT 'еҲ—иЎЁйЎ№ 0пјҡеҗҰ  1пјҡжҳҜ',
  `grid_sort` char(1)  DEFAULT '0' COMMENT 'еҲ—иЎЁжҺ’еәҸ 0пјҡеҗҰ  1пјҡжҳҜ',
  `query_item` char(1)  DEFAULT '0' COMMENT 'жҹҘиҜўйЎ№ 0пјҡеҗҰ  1пјҡжҳҜ',
  `query_type` varchar(200)  DEFAULT NULL COMMENT 'жҹҘиҜўж–№ејҸ',
  `query_form_type` varchar(200)  DEFAULT NULL COMMENT 'жҹҘиҜўиЎЁеҚ•зұ»еһӢ',
  `field_dict` varchar(200)  DEFAULT NULL COMMENT 'еӯ—е…ёзұ»еһӢ',
  PRIMARY KEY (`id`)
) ENGINE=InnoDB  COMMENT='д»Јз Ғз”ҹжҲҗиЎЁеӯ—ж®ө';

-- ----------------------------
-- Records of gen_table_column
-- ----------------------------
BEGIN;
COMMIT;

-- ----------------------------
-- Table structure for gen_template
-- ----------------------------
DROP TABLE IF EXISTS `gen_template`;
CREATE TABLE `gen_template` (
  `id` bigint NOT NULL COMMENT 'дё»й”®',
  `template_name` varchar(255)  NOT NULL COMMENT 'жЁЎжқҝеҗҚз§°',
  `generator_path` varchar(255)  NOT NULL COMMENT 'жЁЎжқҝи·Ҝеҫ„',
  `template_desc` varchar(255)  NOT NULL COMMENT 'жЁЎжқҝжҸҸиҝ°',
  `template_code` text  NOT NULL COMMENT 'жЁЎжқҝд»Јз Ғ',
  `create_time` datetime DEFAULT CURRENT_TIMESTAMP COMMENT 'еҲӣе»әж—¶й—ҙ',
  `update_time` datetime DEFAULT CURRENT_TIMESTAMP ON UPDATE CURRENT_TIMESTAMP COMMENT 'жӣҙж–°',
  `del_flag` char(1)  NOT NULL DEFAULT '0' COMMENT 'еҲ йҷӨж Үи®°',
  `create_by` varchar(64)  NOT NULL DEFAULT ' ' COMMENT 'еҲӣе»әдәә',
  `update_by` varchar(64)  NOT NULL DEFAULT ' ' COMMENT 'дҝ®ж”№дәә',
  PRIMARY KEY (`id`)
) ENGINE=InnoDB  COMMENT='жЁЎжқҝ';


-- ----------------------------
-- Table structure for gen_template_group
-- ----------------------------
DROP TABLE IF EXISTS `gen_template_group`;
CREATE TABLE `gen_template_group` (
  `group_id` bigint NOT NULL COMMENT 'еҲҶз»„id',
  `template_id` bigint NOT NULL COMMENT 'жЁЎжқҝid',
  PRIMARY KEY (`group_id`,`template_id`)
) ENGINE=InnoDB  COMMENT='жЁЎжқҝеҲҶз»„е…іиҒ”иЎЁ';

SET FOREIGN_KEY_CHECKS = 1;
